1.6064e+07,1.615e+07,1.7323e+07,1.846e+07,1.9568e+07,2.0677e+07,2.1438e+07,2.3012e+07,2.3179e+07,2.3916e+07,2.349e+07,2.3719e+07,2.3155e+07,2.303e+07,2.3691e+07,2.2771e+07,2.2482e+07,2.0951e+07,2.118e+07,1.9982e+07,2.2479e+07,2.2207e+07,2.2413e+07,2.2271e+07,2.2396e+07,2.2277e+07,2.2277e+07,2.1895e+07,2.1216e+07,2.0946e+07,2.156e+07,2.0751e+07,2.08e+07,2.0302e+07,1.9383e+07,2.0114e+07,1.9949e+07,2.0213e+07,1.8869e+07,1.9211e+07
1.799e+06,1.8599e+06,1.8601e+06,1.9111e+06,1.9559e+06,2.0235e+06,1.842e+06,2.0782e+06,2.0915e+06,1.9479e+06,2.0151e+06,2.1171e+06,2.0036e+06,1.9874e+06,2.0507e+06,2.0301e+06,2.0736e+06,2.7828e+06,2.7503e+06,2.6625e+06,2.786e+06,2.652e+06,2.6667e+06,2.8293e+06,2.6837e+06,2.6469e+06,2.6469e+06,2.8911e+06,2.781e+06,2.6932e+06,2.7153e+06,2.8817e+06,2.7325e+06,2.8006e+06,2.7127e+06,2.927e+06,2.7597e+06,2.817e+06,2.8649e+06,2.818e+06
1.2979e+07,1.3313e+07,1.434e+07,1.474e+07,1.6135e+07,1.6544e+07,1.691e+07,1.7625e+07,1.759e+07,1.8128e+07,1.7716e+07,1.7778e+07,1.6981e+07,1.7034e+07,1.7984e+07,1.6758e+07,1.6129e+07,1.6335e+07,1.6509e+07,1.5603e+07,1.4765e+07,1.4726e+07,1.6637e+07,1.6228e+07,1.6371e+07,1.685e+07,1.685e+07,1.6843e+07,1.5525e+07,1.6235e+07,1.6586e+07,1.5687e+07,1.5989e+07,1.5791e+07,1.5193e+07,1.5363e+07,1.5386e+07,1.5008e+07,1.4872e+07,1.5022e+07
2.5824e+06,2.6094e+06,2.7672e+06,2.8081e+06,2.9547e+06,3.0345e+06,3.1922e+06,3.2243e+06,3.3734e+06,3.5339e+06,3.0813e+06,3.1254e+06,3.3683e+06,3.3357e+06,3.416e+06,3.2861e+06,3.2069e+06,3.1305e+06,3.11e+06,3.0775e+06,2.9185e+06,2.9526e+06,2.9036e+06,2.7702e+06,2.8132e+06,2.744e+06,2.744e+06,2.6738e+06,2.6043e+06,2.6423e+06,2.6507e+06,2.5318e+06,2.6271e+06,2.6798e+06,2.5633e+06,2.5459e+06,2.5552e+06,2.5114e+06,2.523e+06,2.4753e+06
2.9705e+06,3.6716e+06,3.948e+06,4.0713e+06,4.7019e+06,4.9331e+06,5.304e+06,5.9908e+06,5.7546e+06,6.1269e+06,6.0831e+06,6.3886e+06,6.0711e+06,6.0846e+06,6.3446e+06,5.6286e+06,7.4489e+06,6.9877e+06,7.0841e+06,7.6729e+06,7.7925e+06,7.9298e+06,8.0885e+06,7.5247e+06,7.1898e+06,7.8818e+06,7.8818e+06,7.8284e+06,7.8286e+06,7.0875e+06,7.7699e+06,7.41e+06,7.712e+06,7.42e+06,7.0183e+06,7.0327e+06,7.0368e+06,7.2373e+06,7.1031e+06,6.7411e+06
6.6104e+06,7.1001e+06,7.7248e+06,8.3063e+06,8.6223e+06,9.0667e+06,9.2119e+06,1.0259e+07,1.0146e+07,1.0441e+07,1.0054e+07,1.0457e+07,1.0321e+07,1.0147e+07,1.051e+07,1.0136e+07,1.0332e+07,9.9765e+06,1.0936e+07,1.0243e+07,1.0198e+07,9.9912e+06,1.0055e+07,9.8539e+06,9.7815e+06,9.5506e+06,9.5506e+06,9.3715e+06,8.9561e+06,8.9986e+06,9.308e+06,8.802e+06,9.0744e+06,8.7505e+06,8.7322e+06,8.7828e+06,8.7078e+06,8.6327e+06,8.4084e+06,8.2953e+06
6.6244e+06,5.679e+06,6.1713e+06,6.2115e+06,5.7102e+06,5.9544e+06,6.0042e+06,6.1268e+06,6.2549e+06,6.0983e+06,6.5132e+06,6.4014e+06,6.4262e+06,6.3851e+06,6.5599e+06,7.0585e+06,6.4771e+06,8.4694e+06,7.501e+06,6.521e+06,6.5069e+06,6.5451e+06,6.6267e+06,7.2188e+06,7.2073e+06,6.4176e+06,6.4176e+06,6.2569e+06,6.1634e+06,6.7428e+06,6.0098e+06,5.8231e+06,5.9432e+06,5.8869e+06,6.3794e+06,6.388e+06,6.4438e+06,5.8825e+06,5.8591e+06,6.2436e+06
4.0747e+06,4.6551e+06,5.4374e+06,6.3331e+06,7.3991e+06,8.1689e+06,9.1091e+06,1.0445e+07,9.268e+06,1.0645e+07,1.0561e+07,1.0742e+07,1.0948e+07,1.1897e+07,1.2854e+07,1.288e+07,1.225e+07,1.28e+07,1.2792e+07,1.2325e+07,1.2506e+07,1.2294e+07,1.2221e+07,1.1734e+07,1.1749e+07,1.1575e+07,1.1256e+07,1.0993e+07,1.0893e+07,1.0947e+07,1.1338e+07,1.0849e+07,1.0508e+07,1.0561e+07,1.0557e+07,1.069e+07,1.0396e+07,1.0468e+07,1.0282e+07,1.0073e+07
1.6509e+06,1.5794e+06,1.6592e+06,1.7481e+06,1.7739e+06,1.865e+06,1.9415e+06,2.0293e+06,2.0499e+06,2.2517e+06,2.1929e+06,2.2834e+06,2.2217e+06,2.3421e+06,2.3648e+06,2.2955e+06,2.2608e+06,2.332e+06,2.5148e+06,2.1907e+06,2.2031e+06,2.1953e+06,2.1422e+06,2.1144e+06,2.0818e+06,2.0527e+06,1.9631e+06,1.9438e+06,1.912e+06,1.791e+06,1.8812e+06,1.883e+06,1.8573e+06,1.8476e+06,1.8419e+06,1.8281e+06,1.8196e+06,1.7901e+06,1.7631e+06,1.7483e+06
1.4617e+06,1.5374e+06,1.7155e+06,1.98e+06,2.2162e+06,2.6289e+06,2.9994e+06,3.2572e+06,3.5717e+06,3.8578e+06,4.091e+06,4.3594e+06,4.5491e+06,4.6161e+06,4.7828e+06,4.9253e+06,4.9493e+06,5.0204e+06,5.0144e+06,4.9897e+06,5.0285e+06,4.9783e+06,4.7931e+06,5.0351e+06,4.9677e+06,4.9482e+06,4.7815e+06,4.7197e+06,4.6605e+06,4.7036e+06,4.9209e+06,4.3668e+06,4.8218e+06,4.8961e+06,4.8544e+06,4.9545e+06,5.0164e+06,4.983e+06,5.1004e+06,4.9862e+06
1.5794e+06,1.6548e+06,1.6856e+06,1.713e+06,1.8029e+06,1.7936e+06,1.8571e+06,2.0396e+06,1.9847e+06,2.0583e+06,2.0106e+06,2.0063e+06,2.0474e+06,1.8855e+06,1.9966e+06,2.5747e+06,2.4744e+06,2.4758e+06,2.7385e+06,2.7515e+06,2.8091e+06,2.8725e+06,2.8864e+06,2.9561e+06,2.9302e+06,3.0549e+06,3.0554e+06,3.0803e+06,3.1224e+06,3.1093e+06,3.1889e+06,3.0766e+06,3.05e+06,2.9392e+06,3.0871e+06,3.1097e+06,3.0825e+06,3.1129e+06,3.0753e+06,3.0853e+06
4.5673e+06,5.0696e+06,5.7171e+06,6.6028e+06,7.3629e+06,8.1278e+06,8.7647e+06,9.344e+06,9.8187e+06,1.0267e+07,9.7421e+06,1.0093e+07,1.0118e+07,1.0298e+07,1.0812e+07,1.0506e+07,9.9279e+06,1.0163e+07,1.007e+07,9.7983e+06,9.3764e+06,9.0877e+06,8.8789e+06,8.58e+06,1.0292e+07,1.0525e+07,1.0233e+07,1.0518e+07,1.0431e+07,1.0296e+07,1.0868e+07,1.0291e+07,1.0142e+07,9.8546e+06,1.0255e+07,1.0025e+07,1.0073e+07,9.6365e+06,9.9098e+06,9.501e+06
1.1871e+06,1.1648e+06,1.198e+06,1.2925e+06,1.2888e+06,1.3224e+06,1.4515e+06,1.4644e+06,1.4337e+06,1.4838e+06,1.5381e+06,1.4627e+06,1.5924e+06,1.5531e+06,1.6613e+06,1.5746e+06,1.5847e+06,1.6188e+06,1.6435e+06,1.6754e+06,1.6915e+06,1.774e+06,1.6415e+06,1.6073e+06,1.4973e+06,1.5028e+06,1.5398e+06,1.5049e+06,1.45e+06,1.9991e+06,2.1117e+06,2.1022e+06,2.1918e+06,2.3162e+06,2.3296e+06,2.3692e+06,2.4356e+06,2.4976e+06,2.475e+06,2.48e+06
1.3054e+06,1.3748e+06,1.478e+06,1.6483e+06,1.913e+06,2.2371e+06,2.6462e+06,2.9695e+06,2.9172e+06,3.2507e+06,3.1881e+06,3.241e+06,3.3105e+06,3.3332e+06,3.6924e+06,3.5728e+06,3.6634e+06,3.6117e+06,3.5204e+06,3.6249e+06,3.7037e+06,3.6584e+06,3.6249e+06,3.6295e+06,3.5312e+06,3.4309e+06,3.3386e+06,3.2601e+06,3.1837e+06,3.7246e+06,4.0048e+06,4.1597e+06,4.061e+06,4.0856e+06,4.6818e+06,4.2053e+06,4.5056e+06,4.0368e+06,4.4396e+06,4.1704e+06
2.9478e+06,3.1245e+06,3.785e+06,3.8331e+06,4.3273e+06,4.4513e+06,4.5063e+06,4.7564e+06,4.9232e+06,5.1972e+06,5.0876e+06,5.0973e+06,5.02e+06,5.0796e+06,5.2299e+06,5.0806e+06,5.0049e+06,5.2586e+06,5.1625e+06,5.0759e+06,5.2418e+06,5.0234e+06,4.9678e+06,5.1323e+06,5.0621e+06,5.0538e+06,4.9834e+06,4.9516e+06,4.9653e+06,4.8676e+06,5.1323e+06,4.9477e+06,4.5876e+06,4.8779e+06,4.7646e+06,4.5766e+06,4.599e+06,4.603e+06,4.7039e+06,4.33e+06
1.1631e+06,1.2708e+06,1.3578e+06,1.5935e+06,1.9113e+06,2.2783e+06,2.571e+06,2.9413e+06,3.1495e+06,3.4289e+06,3.5555e+06,3.736e+06,4.0612e+06,4.0771e+06,3.9691e+06,4.1894e+06,4.0779e+06,4.2951e+06,4.3086e+06,4.1073e+06,4.0154e+06,4.0034e+06,4.0415e+06,3.9728e+06,3.8394e+06,3.9148e+06,3.8031e+06,3.7562e+06,3.6791e+06,3.7615e+06,3.7057e+06,3.5028e+06,3.4599e+06,3.5368e+06,3.4284e+06,3.5661e+06,3.5384e+06,3.3685e+06,3.3616e+06,3.3879e+06
2.4255e+06,2.7728e+06,3.2725e+06,3.689e+06,4.4661e+06,5.1186e+06,5.578e+06,6.253e+06,6.3902e+06,6.8127e+06,6.7369e+06,6.8145e+06,6.7591e+06,7.0538e+06,7.2157e+06,7.0045e+06,7.2095e+06,7.1653e+06,7.2651e+06,6.8197e+06,7.0493e+06,6.9036e+06,6.7551e+06,7.0551e+06,6.9838e+06,6.9175e+06,6.7725e+06,6.6172e+06,6.5616e+06,6.2104e+06,6.2337e+06,6.0002e+06,5.9138e+06,6.6148e+06,6.4621e+06,6.7085e+06,6.8211e+06,6.7136e+06,6.771e+06,6.4614e+06
2.36e+06,2.9931e+06,3.0198e+06,3.1476e+06,3.7828e+06,3.5037e+06,3.6967e+06,4.0006e+06,3.9912e+06,4.0797e+06,3.8941e+06,3.943e+06,4.0088e+06,3.9676e+06,4.164e+06,3.868e+06,3.7642e+06,3.7038e+06,3.6975e+06,3.9414e+06,3.4095e+06,3.3603e+06,3.6549e+06,3.5354e+06,3.4476e+06,3.4083e+06,3.3155e+06,3.3229e+06,3.3884e+06,2.981e+06,3.2563e+06,3.1435e+06,3.2222e+06,3.1576e+06,3.0741e+06,3.0589e+06,3.1566e+06,2.9867e+06,3.1146e+06,2.8828e+06
2.6259e+06,2.6364e+06,2.7282e+06,3.0442e+06,3.0853e+06,3.2687e+06,3.3756e+06,3.2525e+06,3.5745e+06,3.5442e+06,3.4392e+06,3.5009e+06,3.4769e+06,3.3078e+06,3.2614e+06,3.2036e+06,3.3679e+06,3.1943e+06,3.1657e+06,3.0986e+06,3.1642e+06,3.1835e+06,3.4763e+06,2.9248e+06,2.8939e+06,3.2496e+06,3.146e+06,3.5748e+06,3.2183e+06,3.287e+06,3.2889e+06,3.1948e+06,3.3473e+06,3.4241e+06,3.4052e+06,3.5141e+06,3.5433e+06,3.5169e+06,3.5174e+06,3.5754e+06
1.2143e+07,1.3132e+07,1.3717e+07,1.4464e+07,1.6451e+07,1.8112e+07,1.938e+07,1.9775e+07,2.1048e+07,2.0702e+07,2.0296e+07,2.0646e+07,2.1311e+07,2.147e+07,1.9786e+07,2.1547e+07,2.0911e+07,2.0918e+07,2.0359e+07,2.0853e+07,1.9972e+07,1.994e+07,1.9921e+07,2.0682e+07,2.0475e+07,1.9856e+07,1.9848e+07,1.9634e+07,1.9861e+07,2.0607e+07,1.9572e+07,1.9411e+07,2.0238e+07,1.9166e+07,1.8641e+07,1.9113e+07,1.9252e+07,1.8987e+07,1.9061e+07,1.9001e+07
5.6459e+06,7.3338e+06,8.1997e+06,9.5044e+06,1.0923e+07,1.2661e+07,1.4326e+07,1.5221e+07,1.6619e+07,1.7165e+07,1.7325e+07,1.729e+07,1.8047e+07,1.7574e+07,1.6912e+07,1.5373e+07,1.6915e+07,1.6466e+07,1.7894e+07,1.8411e+07,1.7732e+07,1.789e+07,1.8439e+07,1.8521e+07,1.8287e+07,1.6934e+07,1.7958e+07,1.6594e+07,1.7617e+07,1.7899e+07,1.7224e+07,1.7214e+07,1.7766e+07,1.7093e+07,1.647e+07,1.6656e+07,1.671e+07,1.6758e+07,1.6589e+07,1.6307e+07
1.6614e+06,1.7317e+06,1.8603e+06,1.8146e+06,1.892e+06,1.9773e+06,1.9625e+06,2.0085e+06,2.0869e+06,2.2308e+06,2.2749e+06,2.1773e+06,2.4046e+06,2.2976e+06,2.3769e+06,2.2735e+06,2.4062e+06,2.2954e+06,2.3418e+06,2.3021e+06,2.3125e+06,2.2725e+06,2.4935e+06,2.4121e+06,2.5482e+06,2.607e+06,2.5072e+06,2.6225e+06,2.6715e+06,2.8376e+06,2.6922e+06,2.8205e+06,2.7502e+06,2.7816e+06,2.9129e+06,2.8345e+06,2.9854e+06,2.9826e+06,2.9862e+06,3.0729e+06
7.0623e+06,7.348e+06,8.0091e+06,8.6381e+06,9.139e+06,1.0591e+07,1.1189e+07,1.1581e+07,1.251e+07,1.1995e+07,1.1842e+07,1.2214e+07,1.2398e+07,1.2062e+07,1.2409e+07,1.2701e+07,1.2207e+07,1.2325e+07,1.2175e+07,1.2217e+07,1.1641e+07,1.1714e+07,1.198e+07,1.2282e+07,1.1891e+07,1.1578e+07,1.1372e+07,1.1332e+07,1.1229e+07,1.1485e+07,1.0821e+07,1.0819e+07,1.1215e+07,1.0219e+07,1.0271e+07,1.0079e+07,1.087e+07,1.0869e+07,1.0772e+07,1.0956e+07
1.8847e+07,2.0592e+07,2.1195e+07,2.1462e+07,2.2231e+07,2.408e+07,2.4128e+07,2.322e+07,2.4882e+07,2.284e+07,2.3042e+07,2.3191e+07,2.2336e+07,2.0944e+07,2.1926e+07,2.225e+07,2.1522e+07,2.1133e+07,1.9441e+07,1.875e+07,2.0079e+07,2.0012e+07,1.9818e+07,1.9902e+07,1.9203e+07,1.944e+07,1.9526e+07,1.9216e+07,1.9514e+07,2.0822e+07,2.0562e+07,1.9629e+07,1.9211e+07,2.0166e+07,1.9604e+07,1.9558e+07,1.972e+07,1.9241e+07,1.8161e+07,1.9204e+07
5.312e+05,5.2986e+05,5.4608e+05,6.0132e+05,5.9574e+05,6.3778e+05,7.2987e+05,7.2366e+05,7.4133e+05,7.5004e+05,7.6179e+05,7.754e+05,8.3219e+05,9.0265e+05,9.3902e+05,9.7113e+05,1.0146e+06,9.7488e+05,1.0478e+06,1.4982e+06,1.1452e+06,1.174e+06,1.1456e+06,1.329e+06,1.2522e+06,1.4094e+06,1.3621e+06,2.0296e+06,1.8904e+06,2.0795e+06,1.3675e+06,1.8029e+06,1.9177e+06,2.2202e+06,1.4953e+06,2.0734e+06,1.5784e+06,1.6097e+06,2.1232e+06,1.4782e+06
1.5181e+07,1.5822e+07,1.7611e+07,1.797e+07,1.851e+07,2.1107e+07,2.24e+07,2.3695e+07,2.4932e+07,2.6708e+07,2.4592e+07,2.6264e+07,2.6756e+07,2.7292e+07,2.783e+07,2.7622e+07,2.7321e+07,2.791e+07,2.6763e+07,2.7641e+07,2.7827e+07,2.7347e+07,2.7128e+07,2.6948e+07,2.6671e+07,2.6291e+07,2.5788e+07,2.6553e+07,2.5305e+07,2.5857e+07,2.2655e+07,2.3509e+07,2.3358e+07,2.2843e+07,2.4699e+07,2.3693e+07,2.3448e+07,2.4633e+07,2.3215e+07,2.3343e+07
1.2949e+06,1.3156e+06,1.3492e+06,1.3619e+06,1.3746e+06,1.3604e+06,1.3052e+06,1.3199e+06,1.2999e+06,1.3128e+06,1.3242e+06,1.3188e+06,1.3431e+06,1.3705e+06,1.3428e+06,1.3672e+06,1.3477e+06,1.3682e+06,1.3853e+06,1.4147e+06,1.4589e+06,1.4492e+06,1.4113e+06,1.4125e+06,1.4947e+06,1.4354e+06,1.4748e+06,1.4707e+06,1.4706e+06,1.5574e+06,1.4762e+06,1.5071e+06,1.4758e+06,1.5214e+06,1.6346e+06,1.5751e+06,1.5381e+06,1.6184e+06,1.6852e+06,1.6771e+06
1.4653e+06,1.3869e+06,1.3884e+06,1.4102e+06,1.4172e+06,1.4242e+06,1.3991e+06,1.4509e+06,1.4029e+06,1.4363e+06,1.5733e+06,1.4329e+06,1.7632e+06,1.8309e+06,1.8356e+06,1.9093e+06,1.8975e+06,1.9789e+06,1.9696e+06,2.07e+06,2.1034e+06,2.0874e+06,2.1356e+06,2.2308e+06,2.2481e+06,2.2653e+06,2.3716e+06,2.4696e+06,2.4059e+06,2.4062e+06,2.4605e+06,2.5471e+06,2.5518e+06,2.6309e+06,2.8444e+06,2.876e+06,2.8065e+06,2.8948e+06,2.8976e+06,2.9283e+06
1.2706e+07,1.409e+07,1.5091e+07,1.7286e+07,1.8577e+07,1.9011e+07,1.9807e+07,2.1153e+07,2.1465e+07,2.0268e+07,2.2349e+07,1.9435e+07,2.0087e+07,2.2149e+07,2.3782e+07,2.3068e+07,2.3421e+07,2.0654e+07,2.2268e+07,2.0225e+07,2.1314e+07,1.8853e+07,1.9059e+07,1.8997e+07,1.8805e+07,1.8242e+07,1.8295e+07,1.8959e+07,1.7853e+07,1.9404e+07,1.893e+07,1.904e+07,1.9251e+07,1.9142e+07,2.0011e+07,1.9352e+07,1.8849e+07,1.898e+07,1.969e+07,1.924e+07
2.2886e+06,2.3851e+06,2.4702e+06,2.5333e+06,2.5389e+06,2.6016e+06,2.6937e+06,2.7728e+06,2.755e+06,4.8056e+06,3.0045e+06,5.023e+06,5.6237e+06,3.3845e+06,3.5434e+06,3.3601e+06,3.4269e+06,4.4475e+06,3.4019e+06,4.9525e+06,3.7706e+06,4.5223e+06,4.4795e+06,4.3886e+06,4.5425e+06,3.9987e+06,3.9855e+06,3.9932e+06,3.9883e+06,4.0975e+06,4.3154e+06,4.5449e+06,4.4694e+06,4.4546e+06,4.8374e+06,4.5484e+06,4.5746e+06,4.5465e+06,4.6645e+06,4.5338e+06
1.1649e+06,1.1331e+06,1.095e+06,1.1031e+06,1.1474e+06,1.1389e+06,1.1229e+06,1.168e+06,1.1106e+06,1.1732e+06,1.0091e+06,1.1601e+06,1.1209e+06,1.1171e+06,1.1824e+06,1.1811e+06,1.1632e+06,1.122e+06,1.2294e+06,1.2809e+06,1.2066e+06,1.2346e+06,1.3214e+06,1.2577e+06,1.2812e+06,1.2734e+06,1.326e+06,1.32e+06,1.3449e+06,1.3497e+06,1.3723e+06,1.4211e+06,1.4882e+06,1.4339e+06,1.4075e+06,1.5409e+06,1.5094e+06,1.4805e+06,1.477e+06,1.503e+06
7.3058e+06,7.6115e+06,8.853e+06,9.5655e+06,9.4009e+06,1.0531e+07,1.0565e+07,1.1528e+07,1.0897e+07,1.1313e+07,1.16e+07,1.0576e+07,1.0816e+07,1.1011e+07,1.1395e+07,1.0879e+07,1.0664e+07,1.0969e+07,1.0848e+07,1.0402e+07,1.0244e+07,9.9322e+06,1.0189e+07,1.0244e+07,9.9132e+06,1.0208e+07,9.961e+06,9.9842e+06,9.9623e+06,9.9238e+06,9.5061e+06,9.6153e+06,9.7648e+06,9.6504e+06,9.0289e+06,9.5342e+06,9.4964e+06,1.0272e+07,9.8414e+06,9.4489e+06
1.3511e+07,1.5429e+07,1.6026e+07,1.8052e+07,1.9728e+07,2.0766e+07,2.1987e+07,2.311e+07,2.3551e+07,2.4186e+07,2.5338e+07,2.3591e+07,2.6933e+07,2.1839e+07,1.9809e+07,2.3935e+07,2.5493e+07,2.474e+07,2.6721e+07,2.4994e+07,2.5046e+07,2.438e+07,2.5692e+07,2.5056e+07,2.4459e+07,2.4105e+07,2.4366e+07,2.3771e+07,2.3658e+07,2.4815e+07,2.308e+07,2.2834e+07,2.2127e+07,2.2319e+07,2.2312e+07,2.1543e+07,2.0378e+07,2.0754e+07,2.1037e+07,2.0754e+07
4.5461e+06,5.6289e+06,6.5148e+06,7.5074e+06,8.8289e+06,9.5993e+06,1.0399e+07,1.2372e+07,1.3031e+07,1.3565e+07,1.4528e+07,1.4784e+07,1.4689e+07,1.5075e+07,1.4827e+07,1.5554e+07,1.5788e+07,1.5068e+07,1.5687e+07,1.547e+07,1.5842e+07,1.558e+07,1.5721e+07,1.5561e+07,1.5182e+07,1.5075e+07,1.509e+07,1.5122e+07,1.5101e+07,1.4953e+07,1.4717e+07,1.4258e+07,1.4311e+07,1.3692e+07,1.4245e+07,1.3802e+07,1.3512e+07,1.3649e+07,1.3062e+07,1.2755e+07
1.5819e+06,1.6016e+06,1.6976e+06,1.8094e+06,1.9079e+06,2.0429e+06,2.1454e+06,2.1816e+06,2.1393e+06,2.2876e+06,2.4389e+06,2.237e+06,2.4054e+06,2.3433e+06,2.2633e+06,2.3673e+06,2.3315e+06,2.3447e+06,2.4165e+06,2.4399e+06,2.3714e+06,2.3943e+06,2.4536e+06,2.274e+06,2.2827e+06,2.2755e+06,2.2594e+06,2.2255e+06,2.2519e+06,2.1777e+06,2.1568e+06,2.0431e+06,2.1747e+06,2.1079e+06,2.2386e+06,2.1305e+06,2.0849e+06,2.1468e+06,2.2129e+06,2.1421e+06
2.3238e+06,2.6293e+06,2.9869e+06,3.3723e+06,3.931e+06,4.437e+06,4.842e+06,5.655e+06,6.0593e+06,5.701e+06,5.9188e+06,6.2247e+06,6.2515e+06,6.395e+06,7.3347e+06,7.5472e+06,7.5552e+06,7.3503e+06,7.6147e+06,7.468e+06,7.133e+06,7.3727e+06,7.2118e+06,7.0081e+06,6.6978e+06,6.5925e+06,6.3793e+06,6.0185e+06,6.0655e+06,7.0573e+06,7.2168e+06,6.8759e+06,7.0802e+06,7.2368e+06,7.0428e+06,6.8956e+06,6.9138e+06,6.8963e+06,7.0895e+06,6.914e+06
9.7059e+06,1.1498e+07,1.2485e+07,1.3875e+07,1.5648e+07,1.7762e+07,1.9068e+07,2.0977e+07,2.1546e+07,2.2525e+07,2.4251e+07,2.3962e+07,2.4518e+07,2.4237e+07,2.3583e+07,2.5142e+07,2.5487e+07,2.4402e+07,2.4869e+07,2.3629e+07,2.4292e+07,2.3182e+07,2.2019e+07,2.097e+07,2.0019e+07,1.9117e+07,2.2598e+07,2.1591e+07,2.2119e+07,2.1506e+07,2.1428e+07,2.0858e+07,2.0984e+07,2.1455e+07,2.1386e+07,2.0883e+07,2.0821e+07,2.095e+07,2.099e+07,2.0318e+07
1.4015e+06,1.49e+06,1.3895e+06,1.3567e+06,1.414e+06,1.4115e+06,1.5133e+06,1.5461e+06,1.4647e+06,1.4868e+06,1.5709e+06,1.5476e+06,1.4797e+06,1.4544e+06,1.5895e+06,1.5806e+06,1.6323e+06,1.602e+06,1.4452e+06,1.5793e+06,1.6729e+06,1.6961e+06,1.6399e+06,1.6449e+06,1.6759e+06,1.7344e+06,1.7422e+06,1.6612e+06,1.6839e+06,1.7489e+06,1.7488e+06,1.8765e+06,1.7047e+06,1.7314e+06,1.9339e+06,1.7035e+06,1.7826e+06,1.7477e+06,1.8186e+06,2.2563e+06
1.2333e+06,1.3007e+06,1.3552e+06,1.4333e+06,1.524e+06,1.6521e+06,1.6704e+06,1.7597e+06,1.9727e+06,1.9758e+06,2.1214e+06,2.0757e+06,2.1023e+06,2.1131e+06,2.1111e+06,2.1149e+06,2.1725e+06,2.122e+06,2.1095e+06,2.0409e+06,2.0632e+06,2.022e+06,1.8936e+06,2.4139e+06,2.5133e+06,2.5833e+06,2.6473e+06,2.8283e+06,3.0489e+06,3.1773e+06,3.2888e+06,3.2126e+06,3.2128e+06,3.2491e+06,3.3625e+06,3.3201e+06,3.4182e+06,3.4171e+06,3.4069e+06,3.439e+06
2.0797e+06,2.0619e+06,2.3084e+06,2.8804e+06,3.3693e+06,3.8545e+06,4.5457e+06,5.3247e+06,5.9242e+06,7.1525e+06,7.5065e+06,9.2443e+06,7.0721e+06,1.1575e+07,1.2751e+07,7.7687e+06,7.4888e+06,7.4029e+06,7.3023e+06,7.183e+06,7.2761e+06,7.2448e+06,7.1844e+06,6.8348e+06,6.5246e+06,7.9931e+06,7.8949e+06,7.7763e+06,8.3273e+06,7.6679e+06,8.3934e+06,8.2369e+06,8.1324e+06,8.1069e+06,8.124e+06,8.1746e+06,8.5896e+06,8.6651e+06,7.545e+06,7.5018e+06
1.2107e+06,1.2961e+06,1.3574e+06,1.3251e+06,1.5393e+06,1.5024e+06,1.6583e+06,1.8805e+06,1.9732e+06,1.9133e+06,1.9941e+06,1.9125e+06,1.9952e+06,2.1232e+06,1.9659e+06,2.0487e+06,2.0824e+06,1.9752e+06,2.0442e+06,1.9447e+06,2.1021e+06,2.176e+06,2.0317e+06,2.0842e+06,1.9927e+06,1.9861e+06,2.0484e+06,1.9543e+06,1.9823e+06,1.9936e+06,1.9575e+06,1.7915e+06,1.9493e+06,1.9351e+06,1.9036e+06,1.9513e+06,1.8871e+06,1.8774e+06,2.1208e+06,2.1144e+06
7.1742e+05,6.8757e+05,7.0789e+05,6.9236e+05,8.6665e+05,7.9153e+05,7.9786e+05,8.6618e+05,9.2122e+05,9.6322e+05,9.8503e+05,1.0609e+06,1.0386e+06,1.0796e+06,9.6268e+05,1.0877e+06,1.1689e+06,1.174e+06,1.3134e+06,1.2312e+06,1.2644e+06,1.279e+06,1.3076e+06,1.3093e+06,1.3483e+06,1.3676e+06,1.3521e+06,1.3923e+06,1.3663e+06,1.3594e+06,1.3364e+06,1.3041e+06,1.4017e+06,1.4452e+06,1.3619e+06,1.5626e+06,1.5512e+06,1.5813e+06,1.7308e+06,1.5951e+06
2.6318e+06,3.1317e+06,3.6282e+06,4.4811e+06,5.3804e+06,6.0279e+06,6.4928e+06,6.8926e+06,7.328e+06,7.4514e+06,6.0644e+06,5.8847e+06,5.7236e+06,5.9552e+06,6.0445e+06,6.2247e+06,6.3014e+06,5.9703e+06,6.0564e+06,6.3103e+06,6.7878e+06,6.7307e+06,7.1079e+06,6.7197e+06,6.7704e+06,6.9417e+06,6.4993e+06,6.4701e+06,6.5118e+06,6.4987e+06,6.4331e+06,5.9848e+06,5.5347e+06,5.8178e+06,5.5606e+06,6.0217e+06,5.5849e+06,5.4366e+06,5.2411e+06,5.2797e+06
1.2609e+07,1.3094e+07,1.3987e+07,1.4241e+07,1.4107e+07,1.5674e+07,1.6618e+07,1.6503e+07,1.7732e+07,1.7795e+07,1.7535e+07,1.8068e+07,1.7959e+07,1.8215e+07,1.8223e+07,1.7734e+07,1.8251e+07,1.8308e+07,1.861e+07,1.857e+07,1.7675e+07,1.754e+07,1.7337e+07,1.7182e+07,1.6599e+07,1.6374e+07,1.5872e+07,1.4812e+07,1.5325e+07,1.4847e+07,1.567e+07,1.5965e+07,1.5649e+07,1.5505e+07,1.5233e+07,1.5547e+07,1.5833e+07,1.5038e+07,1.5295e+07,1.5389e+07
2.255e+07,2.3022e+07,2.5134e+07,2.6826e+07,2.682e+07,2.9186e+07,2.9844e+07,2.7773e+07,2.6056e+07,2.4628e+07,2.6366e+07,2.6586e+07,2.7154e+07,2.6658e+07,2.6656e+07,2.7124e+07,3.0243e+07,2.9963e+07,3.0023e+07,3.1194e+07,3.0421e+07,3.1254e+07,3.1098e+07,3.1779e+07,3.1903e+07,3.1363e+07,3.0431e+07,2.9923e+07,3.1042e+07,2.9356e+07,2.8572e+07,2.9044e+07,2.853e+07,2.938e+07,2.9108e+07,2.8677e+07,2.8283e+07,2.8787e+07,2.8446e+07,2.8748e+07
2.9534e+06,3.2457e+06,3.3143e+06,3.551e+06,3.7089e+06,3.9345e+06,4.0829e+06,4.0477e+06,5.5928e+06,4.245e+06,4.3698e+06,4.6255e+06,5.8938e+06,5.9514e+06,4.7399e+06,5.9857e+06,4.9627e+06,4.808e+06,5.0579e+06,5.1957e+06,5.0155e+06,5.0466e+06,5.0128e+06,4.83e+06,5.1225e+06,4.9024e+06,6.4099e+06,6.3971e+06,6.6559e+06,6.4754e+06,6.5652e+06,6.8692e+06,6.6818e+06,6.7054e+06,6.6933e+06,6.7574e+06,6.8565e+06,6.6829e+06,6.6221e+06,6.8019e+06
1.9789e+07,2.1302e+07,2.2131e+07,2.3484e+07,2.3853e+07,2.4558e+07,2.5485e+07,2.4029e+07,2.5815e+07,2.4719e+07,2.4395e+07,2.4143e+07,2.4813e+07,2.4e+07,2.3618e+07,2.3401e+07,2.3166e+07,2.2582e+07,2.3076e+07,2.3267e+07,2.1715e+07,2.2843e+07,2.2992e+07,2.2339e+07,2.319e+07,1.9015e+07,2.2296e+07,2.1587e+07,2.2137e+07,2.1136e+07,2.0828e+07,2.2557e+07,2.1281e+07,2.0682e+07,2.0682e+07,2.0272e+07,2.0798e+07,2.0341e+07,2.0117e+07,2.0793e+07
6.0827e+06,6.229e+06,6.8847e+06,7.3007e+06,7.6597e+06,8.2626e+06,8.6866e+06,8.6477e+06,9.0821e+06,9.3062e+06,9.2364e+06,9.546e+06,9.5523e+06,9.1946e+06,8.9453e+06,8.4887e+06,9.2394e+06,8.4686e+06,9.3139e+06,9.158e+06,8.9342e+06,9.5081e+06,9.1806e+06,9.1972e+06,9.1817e+06,8.9768e+06,9.2453e+06,8.9582e+06,9.2651e+06,8.8363e+06,8.4553e+06,8.4611e+06,8.6781e+06,8.2915e+06,8.3065e+06,8.4573e+06,8.473e+06,8.2011e+06,7.8915e+06,7.8554e+06
2.1494e+07,2.1522e+07,2.2431e+07,2.314e+07,2.2961e+07,2.3868e+07,2.4357e+07,2.3791e+07,2.2766e+07,2.2788e+07,2.2135e+07,2.3536e+07,2.0655e+07,2.0638e+07,2.0039e+07,2.0777e+07,1.9825e+07,1.9296e+07,1.9281e+07,1.8062e+07,1.7566e+07,1.7297e+07,1.6946e+07,1.7389e+07,1.7322e+07,1.7305e+07,1.6884e+07,1.733e+07,1.6548e+07,1.6352e+07,1.6118e+07,1.6089e+07,1.5567e+07,1.5289e+07,1.5327e+07,1.4035e+07,1.414e+07,1.5361e+07,1.4502e+07,1.4476e+07
1.0225e+07,1.0148e+07,1.1306e+07,1.1975e+07,1.2752e+07,1.3506e+07,1.4286e+07,1.5028e+07,1.5303e+07,1.6053e+07,1.6232e+07,1.6402e+07,1.6167e+07,1.699e+07,2.0686e+07,2.199e+07,2.2454e+07,2.2281e+07,2.412e+07,2.5693e+07,2.4688e+07,2.3807e+07,2.6857e+07,2.6336e+07,2.6021e+07,2.5868e+07,2.5101e+07,2.5774e+07,2.4851e+07,2.5248e+07,2.5524e+07,2.5535e+07,2.4739e+07,2.5713e+07,2.5628e+07,2.4043e+07,2.4779e+07,2.5378e+07,2.2803e+07,2.3714e+07
2.2857e+07,2.2971e+07,2.3684e+07,2.4258e+07,2.4001e+07,2.3266e+07,2.393e+07,2.3861e+07,2.3086e+07,2.3382e+07,2.3288e+07,2.2735e+07,2.1954e+07,2.1773e+07,2.1278e+07,2.221e+07,2.0997e+07,2.0821e+07,2.1259e+07,2.0817e+07,2.0312e+07,1.977e+07,2.0275e+07,1.9916e+07,1.954e+07,1.9344e+07,1.8559e+07,1.8898e+07,1.7762e+07,1.7862e+07,1.7804e+07,1.7967e+07,1.7703e+07,1.5836e+07,1.5543e+07,1.7075e+07,1.7004e+07,1.6936e+07,1.6223e+07,1.6478e+07
5.0487e+06,5.4742e+06,6.0617e+06,6.5568e+06,7.3176e+06,7.9321e+06,9.227e+06,9.6138e+06,9.6896e+06,1.0359e+07,1.0242e+07,1.05e+07,1.0117e+07,1.0272e+07,1.0424e+07,1.0436e+07,1.0161e+07,1.0152e+07,1.0547e+07,9.838e+06,9.6295e+06,1.0541e+07,9.4551e+06,1.029e+07,1.0165e+07,1.0391e+07,1.0359e+07,1.0316e+07,9.9261e+06,9.8533e+06,1.0055e+07,9.4504e+06,9.039e+06,8.9871e+06,9.1899e+06,9.889e+06,1.0261e+07,9.2922e+06,9.8796e+06,8.8443e+06
5.0659e+06,4.9812e+06,5.7153e+06,6.3515e+06,7.1542e+06,6.9896e+06,7.6179e+06,8.3377e+06,8.965e+06,9.5522e+06,1.0647e+07,8.7196e+06,1.1036e+07,1.1954e+07,1.2341e+07,1.2687e+07,1.1972e+07,1.2299e+07,1.2688e+07,1.2407e+07,1.2355e+07,1.2271e+07,1.2534e+07,1.2354e+07,1.218e+07,1.1964e+07,1.1426e+07,1.1195e+07,1.0532e+07,1.0564e+07,1.0643e+07,1.1362e+07,1.0907e+07,1.0582e+07,1.0759e+07,1.0266e+07,1.0447e+07,1.0493e+07,1.0119e+07,1.0003e+07
1.9772e+06,2.0753e+06,2.2345e+06,2.3913e+06,2.4406e+06,2.6395e+06,2.7263e+06,2.897e+06,3.0635e+06,3.1846e+06,3.3592e+06,3.4877e+06,3.6115e+06,3.7711e+06,4.0155e+06,4.4668e+06,5.0746e+06,5.5474e+06,5.7355e+06,5.9726e+06,5.8564e+06,6.0135e+06,6.084e+06,6.1694e+06,6.4728e+06,6.1797e+06,6.2344e+06,6.0509e+06,6.1453e+06,6.0649e+06,6.2114e+06,6.0414e+06,5.6036e+06,5.5614e+06,5.2771e+06,5.2867e+06,6.2249e+06,6.104e+06,5.9434e+06,5.8431e+06
1.4154e+06,1.3831e+06,1.3849e+06,1.3872e+06,1.4061e+06,1.4073e+06,1.4284e+06,1.4915e+06,1.459e+06,1.4735e+06,1.4919e+06,1.5063e+06,1.5107e+06,1.5365e+06,1.5391e+06,1.5665e+06,1.5858e+06,1.6785e+06,1.6528e+06,1.5896e+06,1.5602e+06,1.6284e+06,1.5989e+06,1.5778e+06,1.622e+06,1.5865e+06,1.551e+06,1.5924e+06,1.5845e+06,1.5617e+06,1.5693e+06,1.5531e+06,1.5552e+06,1.567e+06,1.626e+06,1.4942e+06,1.9016e+06,1.8438e+06,1.8514e+06,1.9036e+06
4.5554e+06,4.954e+06,5.6043e+06,5.7886e+06,6.5268e+06,7.1308e+06,7.5667e+06,8.0214e+06,8.348e+06,8.5817e+06,9.2562e+06,9.0439e+06,9.013e+06,9.1291e+06,9.5034e+06,9.2227e+06,9.566e+06,9.6629e+06,9.4217e+06,9.6282e+06,9.2497e+06,9.037e+06,9.2499e+06,9.3134e+06,9.3483e+06,9.1185e+06,9.0439e+06,8.6166e+06,8.7827e+06,8.515e+06,8.6053e+06,8.3711e+06,7.9573e+06,7.9167e+06,7.6134e+06,7.3759e+06,8.2292e+06,8.4685e+06,8.3656e+06,8.3694e+06
1.0872e+06,9.9032e+05,1.0584e+06,1.0478e+06,1.1347e+06,1.1225e+06,1.1543e+06,1.223e+06,1.1852e+06,1.236e+06,1.1743e+06,1.1647e+06,1.2737e+06,1.1733e+06,1.2943e+06,1.2917e+06,1.3034e+06,1.326e+06,1.3551e+06,1.3628e+06,1.3843e+06,1.3484e+06,1.3408e+06,1.3854e+06,1.3789e+06,1.4366e+06,1.4487e+06,1.3733e+06,1.4647e+06,1.4633e+06,1.483e+06,1.4506e+06,1.4302e+06,1.4726e+06,1.3599e+06,1.4803e+06,1.3413e+06,1.3613e+06,1.3698e+06,1.3623e+06
1.4552e+06,1.2443e+06,1.2697e+06,1.3453e+06,1.3978e+06,1.4527e+06,1.3935e+06,1.4456e+06,1.5052e+06,1.5167e+06,1.5522e+06,1.6228e+06,1.6237e+06,1.6554e+06,1.5625e+06,1.6741e+06,1.7199e+06,1.7111e+06,1.8049e+06,1.7722e+06,1.7279e+06,1.744e+06,1.8606e+06,1.9578e+06,1.9253e+06,1.968e+06,2.059e+06,2.0501e+06,2.0658e+06,2.1193e+06,2.1753e+06,2.3002e+06,2.319e+06,2.6147e+06,2.6975e+06,2.891e+06,2.0742e+06,2.3376e+06,2.2555e+06,2.2222e+06
4.5793e+06,4.7946e+06,5.1893e+06,5.5186e+06,5.8231e+06,6.2927e+06,6.8138e+06,6.8922e+06,7.0475e+06,7.2434e+06,7.2335e+06,7.7642e+06,7.4805e+06,7.7395e+06,7.8373e+06,7.9709e+06,8.1813e+06,7.9315e+06,7.7469e+06,7.55e+06,7.4332e+06,7.5139e+06,7.9345e+06,7.8988e+06,8.1436e+06,7.3002e+06,7.163e+06,8.0092e+06,7.8289e+06,7.857e+06,7.4793e+06,8.0145e+06,7.944e+06,7.6727e+06,7.6329e+06,7.4151e+06,7.2466e+06,7.6985e+06,7.5621e+06,7.4212e+06
1.3739e+06,1.3711e+06,1.4324e+06,1.4291e+06,1.4025e+06,1.4692e+06,1.5054e+06,1.431e+06,1.5148e+06,1.5353e+06,1.61e+06,1.5621e+06,1.5238e+06,1.6111e+06,1.6488e+06,1.6587e+06,1.5635e+06,1.6125e+06,1.609e+06,1.6695e+06,1.6069e+06,1.5701e+06,1.6144e+06,1.6272e+06,1.5604e+06,1.355e+06,1.5401e+06,1.4211e+06,1.5293e+06,1.4908e+06,1.5055e+06,1.4949e+06,1.4669e+06,1.5363e+06,1.4473e+06,1.4323e+06,1.4936e+06,1.4796e+06,1.4393e+06,1.4128e+06
2.9248e+06,3.1818e+06,3.4215e+06,3.7431e+06,4.1142e+06,4.2709e+06,4.9644e+06,4.9471e+06,5.8387e+06,5.7349e+06,6.3573e+06,6.653e+06,6.8369e+06,7.3164e+06,7.3982e+06,7.6934e+06,7.6643e+06,8.8442e+06,9.2031e+06,9.4344e+06,9.9854e+06,1.105e+07,1.1499e+07,1.1486e+07,1.1903e+07,1.1833e+07,1.2371e+07,1.2117e+07,1.203e+07,1.1981e+07,1.2463e+07,1.2148e+07,1.2261e+07,1.2227e+07,1.2649e+07,1.2149e+07,1.2485e+07,1.2629e+07,1.2232e+07,1.1725e+07
9.779e+05,1.0299e+06,1.0056e+06,1.0301e+06,1.0914e+06,1.1044e+06,1.1132e+06,1.1524e+06,1.0883e+06,1.1354e+06,1.1145e+06,1.0991e+06,1.1834e+06,1.2191e+06,1.218e+06,1.2344e+06,1.1363e+06,1.2083e+06,1.2348e+06,1.1972e+06,1.2664e+06,1.2411e+06,1.1259e+06,1.1769e+06,1.2154e+06,1.2245e+06,1.2373e+06,1.1422e+06,1.1566e+06,1.2026e+06,1.1514e+06,1.1761e+06,1.1005e+06,1.228e+06,1.1179e+06,1.156e+06,1.0966e+06,1.1836e+06,1.1747e+06,1.1296e+06
1.7447e+06,1.7135e+06,1.7414e+06,1.7558e+06,1.9299e+06,2.1633e+06,2.0022e+06,2.3054e+06,2.0968e+06,2.1259e+06,2.0567e+06,2.579e+06,2.2164e+06,2.2458e+06,2.2692e+06,2.7089e+06,2.6043e+06,2.3133e+06,2.2416e+06,2.1232e+06,2.1048e+06,2.063e+06,2.1539e+06,2.3979e+06,2.3268e+06,2.249e+06,2.2192e+06,2.1109e+06,2.408e+06,2.4533e+06,2.4168e+06,2.4963e+06,2.5551e+06,2.657e+06,2.4682e+06,2.4807e+06,2.5494e+06,2.3631e+06,2.2177e+06,2.3424e+06
4.0118e+06,4.2453e+06,4.5955e+06,5.2194e+06,5.7566e+06,5.9801e+06,6.4614e+06,6.6703e+06,7.3695e+06,7.4022e+06,7.5195e+06,7.5693e+06,8.1949e+06,8.4449e+06,8.7291e+06,8.0975e+06,8.3075e+06,9.171e+06,9.71e+06,9.8348e+06,9.6921e+06,9.8216e+06,9.7968e+06,9.8602e+06,9.9634e+06,9.0785e+06,1.1345e+07,1.1227e+07,1.1233e+07,1.1296e+07,1.1305e+07,1.1657e+07,1.2081e+07,1.189e+07,1.2304e+07,1.2401e+07,1.223e+07,1.2189e+07,1.189e+07,1.1846e+07
2.1428e+06,2.2058e+06,2.2494e+06,2.308e+06,2.3616e+06,2.2979e+06,2.4754e+06,2.4861e+06,2.4906e+06,2.4241e+06,2.6122e+06,2.5403e+06,2.5659e+06,2.5267e+06,2.5636e+06,2.6327e+06,2.6092e+06,2.658e+06,2.6338e+06,2.611e+06,2.4494e+06,2.4972e+06,2.4887e+06,2.4589e+06,2.4315e+06,2.3986e+06,2.4248e+06,2.4248e+06,2.464e+06,2.3757e+06,2.3486e+06,2.4762e+06,2.3621e+06,2.3213e+06,2.3812e+06,2.3967e+06,2.287e+06,2.3928e+06,2.7604e+06,2.9138e+06
4.7761e+06,5.1603e+06,5.3918e+06,5.8835e+06,6.5029e+06,6.8195e+06,7.0419e+06,7.5486e+06,7.9053e+06,8.1331e+06,8.3438e+06,8.1804e+06,7.7955e+06,7.9502e+06,7.8924e+06,7.5127e+06,7.4813e+06,7.5323e+06,7.0332e+06,8.504e+06,8.2754e+06,8.2032e+06,8.2819e+06,8.4848e+06,8.6561e+06,8.4455e+06,8.3375e+06,8.2563e+06,8.3308e+06,8.5406e+06,8.3175e+06,8.0086e+06,8.2444e+06,8.1514e+06,8.0205e+06,8.0801e+06,7.9629e+06,7.7608e+06,7.5992e+06,7.5547e+06
1.9477e+06,2.0062e+06,2.0484e+06,2.077e+06,2.1132e+06,2.0352e+06,2.0147e+06,2.1105e+06,2.0503e+06,2.2475e+06,2.0604e+06,2.037e+06,2.0309e+06,1.9754e+06,1.9765e+06,1.971e+06,1.9928e+06,1.9012e+06,1.8905e+06,1.8842e+06,1.8189e+06,1.8227e+06,1.772e+06,1.7987e+06,1.6882e+06,1.7224e+06,1.7934e+06,1.8128e+06,1.7325e+06,1.8028e+06,1.6377e+06,1.681e+06,1.6954e+06,1.7841e+06,1.6927e+06,1.7055e+06,1.7372e+06,1.7603e+06,1.654e+06,1.6912e+06
2.0736e+07,2.2267e+07,2.277e+07,2.4357e+07,2.5803e+07,2.6662e+07,2.6383e+07,2.6487e+07,2.5837e+07,2.5586e+07,2.6221e+07,2.5306e+07,2.6339e+07,2.4827e+07,2.4728e+07,2.3126e+07,2.2905e+07,2.4737e+07,2.5596e+07,2.4737e+07,2.4966e+07,2.5361e+07,2.5069e+07,2.4951e+07,2.6321e+07,2.5043e+07,2.4575e+07,2.4639e+07,2.4322e+07,2.4963e+07,2.3991e+07,2.4126e+07,2.3724e+07,2.3687e+07,2.3352e+07,2.3392e+07,2.2182e+07,2.2636e+07,2.2352e+07,2.2876e+07
2.6715e+06,2.6197e+06,2.6404e+06,2.7235e+06,2.8868e+06,2.907e+06,3.0215e+06,2.7525e+06,2.7498e+06,2.451e+06,2.4519e+06,2.5196e+06,2.4493e+06,2.4589e+06,2.9986e+06,3.0189e+06,2.9951e+06,3.1121e+06,3.1406e+06,3.0761e+06,3.0826e+06,3.07e+06,3.0694e+06,3.1238e+06,3.0939e+06,3.0687e+06,3.1241e+06,3.0369e+06,3.2081e+06,3.1307e+06,3.0996e+06,3.2756e+06,2.9748e+06,3.3209e+06,3.2586e+06,3.5485e+06,3.522e+06,3.4866e+06,3.453e+06,3.5189e+06
2.6699e+07,2.8267e+07,2.9703e+07,3.0699e+07,3.2207e+07,3.2571e+07,3.2024e+07,3.3208e+07,3.2139e+07,3.1646e+07,3.2016e+07,3.1839e+07,3.1866e+07,3.1601e+07,3.0866e+07,2.8934e+07,3.145e+07,3.1401e+07,3.1475e+07,3.1032e+07,3.1262e+07,3.1965e+07,3.0811e+07,3.1423e+07,3.1749e+07,3.0592e+07,2.9783e+07,3.0246e+07,2.9857e+07,3.0151e+07,2.9844e+07,2.9246e+07,2.808e+07,2.8418e+07,2.7739e+07,2.8801e+07,2.7877e+07,2.7425e+07,2.6813e+07,2.6331e+07
1.5213e+07,1.5868e+07,1.6874e+07,1.7395e+07,1.8099e+07,1.8558e+07,2.2443e+07,2.3966e+07,2.4227e+07,2.4381e+07,2.4562e+07,2.4288e+07,2.6085e+07,2.6528e+07,2.6958e+07,2.6468e+07,2.6206e+07,2.6185e+07,2.6108e+07,2.5309e+07,2.0766e+07,2.3634e+07,2.5456e+07,2.402e+07,2.5533e+07,2.3822e+07,2.3384e+07,2.3081e+07,2.3223e+07,2.3331e+07,2.2554e+07,2.2152e+07,2.1139e+07,2.1194e+07,2.0619e+07,2.0096e+07,1.9215e+07,1.9006e+07,2.1339e+07,2.2028e+07
6.7335e+06,6.5767e+06,7.3389e+06,7.4003e+06,7.9753e+06,8.3781e+06,8.0385e+06,8.7949e+06,8.5013e+06,8.393e+06,8.6649e+06,8.4844e+06,9.1493e+06,8.9771e+06,9.1558e+06,8.8267e+06,8.7912e+06,8.6933e+06,8.8541e+06,8.594e+06,8.7324e+06,8.6413e+06,8.4008e+06,8.4249e+06,8.7445e+06,8.1193e+06,8.1312e+06,8.2991e+06,8.143e+06,8.2439e+06,8.1499e+06,8.177e+06,7.9306e+06,7.9035e+06,7.4673e+06,7.4292e+06,7.2388e+06,7.1518e+06,6.6012e+06,6.9665e+06
1.8321e+06,1.8971e+06,1.8481e+06,1.9939e+06,1.9627e+06,2.227e+06,2.1175e+06,2.1761e+06,2.1245e+06,2.1424e+06,2.1468e+06,2.1886e+06,2.2984e+06,2.2985e+06,2.3668e+06,2.3675e+06,2.2793e+06,2.3112e+06,2.5266e+06,2.4273e+06,2.2516e+06,2.2392e+06,2.2226e+06,2.2894e+06,2.2089e+06,2.1702e+06,2.1627e+06,2.1694e+06,2.1101e+06,2.1577e+06,2.1483e+06,2.0235e+06,1.9815e+06,1.9484e+06,1.9322e+06,2.0069e+06,1.9284e+06,1.9381e+06,1.9151e+06,1.8144e+06
2.8506e+06,2.9752e+06,3.1256e+06,3.148e+06,3.1466e+06,3.3419e+06,3.2845e+06,3.3916e+06,3.2522e+06,3.0604e+06,3.2795e+06,3.2904e+06,3.1104e+06,3.1382e+06,3.1163e+06,2.9046e+06,2.8378e+06,2.7758e+06,2.9122e+06,2.6937e+06,2.6062e+06,2.6149e+06,2.4891e+06,2.4599e+06,2.4193e+06,2.2496e+06,2.2238e+06,2.1619e+06,2.1488e+06,2.0437e+06,2.0481e+06,2.0422e+06,1.9376e+06,1.8959e+06,1.8956e+06,1.8875e+06,1.9182e+06,1.9033e+06,1.9211e+06,1.8763e+06
4.081e+06,4.4024e+06,4.6883e+06,5.2159e+06,5.6289e+06,6.0304e+06,6.4554e+06,6.8157e+06,6.6016e+06,6.8235e+06,7.1814e+06,7.1159e+06,7.3053e+06,7.2133e+06,7.4107e+06,7.0972e+06,7.1549e+06,7.2858e+06,7.1625e+06,7.1258e+06,7.0504e+06,7.1031e+06,6.8628e+06,6.9827e+06,7.0218e+06,6.8794e+06,6.7616e+06,6.8052e+06,6.722e+06,6.8533e+06,6.7549e+06,6.7483e+06,6.7885e+06,6.514e+06,6.7229e+06,6.442e+06,6.5058e+06,6.354e+06,6.3287e+06,6.3457e+06
1.2834e+07,1.3229e+07,1.4087e+07,1.4827e+07,1.5184e+07,1.6089e+07,1.6014e+07,1.6996e+07,1.6759e+07,1.6358e+07,1.6748e+07,1.6476e+07,1.6942e+07,1.6662e+07,1.6514e+07,1.56e+07,1.6602e+07,1.6192e+07,1.5467e+07,1.5444e+07,1.5011e+07,1.5377e+07,1.3914e+07,1.4042e+07,1.3648e+07,1.3198e+07,1.24e+07,1.2585e+07,1.2231e+07,1.436e+07,1.4479e+07,1.4441e+07,1.4331e+07,1.4692e+07,1.4309e+07,1.4725e+07,1.4258e+07,1.4347e+07,1.4262e+07,1.4551e+07
6.7874e+06,6.8722e+06,7.4169e+06,7.5806e+06,7.6371e+06,8.3469e+06,8.2802e+06,8.8307e+06,8.4878e+06,8.3783e+06,8.3949e+06,8.2657e+06,8.8199e+06,8.8971e+06,8.8588e+06,8.173e+06,8.4954e+06,8.5243e+06,8.6619e+06,8.0894e+06,8.2862e+06,8.4605e+06,8.1767e+06,8.2297e+06,8.4734e+06,7.8379e+06,7.855e+06,7.7656e+06,7.787e+06,7.7923e+06,7.9196e+06,8.0623e+06,7.7209e+06,8.0179e+06,7.5814e+06,7.7985e+06,7.3751e+06,7.279e+06,7.173e+06,7.5002e+06
2.0193e+06,2.1443e+06,2.1864e+06,2.2265e+06,2.4368e+06,2.5625e+06,2.6217e+06,2.6882e+06,2.7116e+06,2.7404e+06,2.8449e+06,2.9472e+06,3.0356e+06,2.9893e+06,3.0664e+06,3.1234e+06,3.0874e+06,2.947e+06,2.9661e+06,2.999e+06,3.0075e+06,2.9058e+06,3.0352e+06,3.076e+06,2.9729e+06,2.9286e+06,2.9573e+06,2.877e+06,2.8748e+06,2.7747e+06,2.7236e+06,2.8353e+06,2.6618e+06,3.0847e+06,3.1871e+06,3.2988e+06,3.3269e+06,3.5521e+06,3.4248e+06,3.423e+06
3.2491e+06,3.3274e+06,3.4588e+06,4.0776e+06,4.2508e+06,3.9938e+06,4.04e+06,4.2766e+06,4.7726e+06,4.8755e+06,5.341e+06,5.0457e+06,5.1025e+06,5.9954e+06,5.9639e+06,6.4294e+06,6.4721e+06,6.5748e+06,6.7102e+06,6.6934e+06,6.6815e+06,6.6469e+06,7.0127e+06,7.0696e+06,6.8666e+06,7.0652e+06,7.3008e+06,7.1944e+06,7.3627e+06,7.2092e+06,7.4507e+06,7.4278e+06,6.8831e+06,7.2688e+06,7.0791e+06,6.587e+06,6.858e+06,6.6799e+06,7.4287e+06,7.1607e+06
2.9446e+07,3.0537e+07,3.1058e+07,3.2128e+07,3.2543e+07,3.351e+07,3.3547e+07,3.3545e+07,3.3519e+07,3.387e+07,3.4511e+07,3.3466e+07,3.3955e+07,3.2405e+07,3.2154e+07,3.2246e+07,3.2408e+07,3.0841e+07,3.0013e+07,2.8856e+07,2.8596e+07,2.7867e+07,2.8402e+07,2.7796e+07,2.6814e+07,2.5676e+07,2.6509e+07,2.6109e+07,2.5723e+07,2.4996e+07,2.5387e+07,2.4829e+07,2.409e+07,2.425e+07,2.246e+07,2.1908e+07,2.134e+07,2.1615e+07,2.1592e+07,2.1457e+07
1.5971e+07,1.6101e+07,1.678e+07,1.7966e+07,1.7033e+07,1.6925e+07,1.6434e+07,1.6284e+07,1.624e+07,1.5648e+07,1.5519e+07,1.7448e+07,1.7611e+07,1.7959e+07,1.7777e+07,1.8397e+07,1.8236e+07,1.7872e+07,1.7817e+07,1.739e+07,1.7746e+07,1.7577e+07,1.7551e+07,1.7905e+07,1.7259e+07,1.6626e+07,1.6768e+07,1.6323e+07,1.6303e+07,1.6409e+07,1.6372e+07,1.5848e+07,1.5253e+07,1.5566e+07,1.4844e+07,1.4987e+07,1.4383e+07,1.5202e+07,1.5584e+07,1.565e+07
2.7785e+06,2.7998e+06,3.0096e+06,3.0519e+06,3.1553e+06,3.2812e+06,3.2808e+06,3.2776e+06,3.2423e+06,3.4081e+06,3.3728e+06,3.3011e+06,3.3509e+06,3.3342e+06,3.3119e+06,3.3156e+06,3.2887e+06,3.3193e+06,3.3374e+06,3.4542e+06,3.5304e+06,3.3627e+06,3.5188e+06,3.5333e+06,3.3959e+06,3.3627e+06,3.4059e+06,3.3796e+06,3.5135e+06,3.546e+06,3.3331e+06,3.4087e+06,3.381e+06,3.4198e+06,3.223e+06,3.2639e+06,3.2166e+06,3.235e+06,3.512e+06,3.5016e+06
1.8086e+06,1.9319e+06,2.0334e+06,2.1552e+06,2.4157e+06,2.5488e+06,2.8492e+06,2.8156e+06,3.1306e+06,3.3727e+06,3.6311e+06,3.8449e+06,3.9349e+06,3.8408e+06,4.1818e+06,4.6509e+06,5.189e+06,5.0265e+06,4.9197e+06,4.9432e+06,5.5662e+06,5.3772e+06,5.5734e+06,5.6678e+06,5.4993e+06,5.1593e+06,5.2292e+06,5.6611e+06,5.4403e+06,5.415e+06,5.0524e+06,5.0217e+06,5.2043e+06,4.8681e+06,4.6242e+06,4.5376e+06,4.3109e+06,5.28e+06,5.3687e+06,5.2753e+06
5.1524e+06,5.501e+06,5.9482e+06,7.0197e+06,7.1539e+06,7.6057e+06,8.0869e+06,8.2259e+06,8.6104e+06,8.9837e+06,9.2882e+06,9.3848e+06,9.9017e+06,9.9416e+06,1.0044e+07,1.1249e+07,1.0999e+07,1.071e+07,1.0427e+07,1.1022e+07,1.0818e+07,1.1107e+07,1.0872e+07,1.1808e+07,1.1044e+07,1.115e+07,1.1687e+07,1.1605e+07,1.1189e+07,1.0951e+07,1.1403e+07,1.1136e+07,1.0973e+07,1.0935e+07,1.0581e+07,1.0455e+07,1.0532e+07,1.036e+07,1.0229e+07,1.049e+07
4.9752e+06,5.9966e+06,6.7133e+06,7.5403e+06,8.5355e+06,9.6558e+06,1.0427e+07,1.1155e+07,1.2335e+07,1.2006e+07,1.3746e+07,1.3466e+07,1.3521e+07,1.3696e+07,1.4948e+07,1.4554e+07,1.4636e+07,1.4466e+07,1.4407e+07,1.4987e+07,1.4136e+07,1.4948e+07,1.4298e+07,1.4017e+07,1.4254e+07,1.357e+07,1.357e+07,1.3506e+07,1.3225e+07,1.3803e+07,1.2588e+07,1.2798e+07,1.2968e+07,1.3017e+07,1.225e+07,1.1412e+07,1.194e+07,1.2064e+07,1.1404e+07,1.1346e+07
2.8855e+06,3.6215e+06,3.6234e+06,4.4974e+06,5.5837e+06,6.4233e+06,7.0969e+06,7.6343e+06,8.4986e+06,8.4601e+06,1.0063e+07,1.0267e+07,1.0384e+07,1.1086e+07,1.0879e+07,1.1479e+07,1.0881e+07,1.1202e+07,1.1325e+07,1.1816e+07,1.1395e+07,1.0966e+07,1.1622e+07,1.1359e+07,1.1764e+07,1.1342e+07,1.1383e+07,1.1216e+07,1.1218e+07,1.1855e+07,1.0978e+07,1.0999e+07,1.0637e+07,1.0846e+07,1.0259e+07,1.0674e+07,1.0514e+07,1.0438e+07,1.0264e+07,1.0175e+07
9.6659e+06,1.0382e+07,1.1633e+07,1.2521e+07,1.2834e+07,1.3885e+07,1.4698e+07,1.5454e+07,1.6335e+07,1.6951e+07,1.7632e+07,1.8246e+07,1.7998e+07,1.8286e+07,1.8868e+07,1.8939e+07,1.775e+07,1.7792e+07,1.8002e+07,1.8758e+07,1.7665e+07,1.7401e+07,1.7429e+07,1.6461e+07,1.7924e+07,1.7334e+07,1.724e+07,1.7768e+07,1.7411e+07,1.8845e+07,1.7014e+07,1.714e+07,1.7404e+07,1.7362e+07,1.6602e+07,1.6154e+07,1.6169e+07,1.6568e+07,1.5552e+07,1.5335e+07
7.7494e+06,9.1158e+06,9.5165e+06,1.1279e+07,1.1776e+07,1.3492e+07,1.3634e+07,1.4178e+07,1.489e+07,1.4687e+07,1.516e+07,1.5428e+07,1.5446e+07,1.5345e+07,1.5866e+07,1.5674e+07,1.4349e+07,1.4208e+07,1.3603e+07,1.4093e+07,1.3073e+07,1.2616e+07,1.1926e+07,1.3567e+07,1.355e+07,1.3562e+07,1.3605e+07,1.3687e+07,1.426e+07,1.485e+07,1.3806e+07,1.3948e+07,1.4204e+07,1.3711e+07,1.3407e+07,1.3304e+07,1.3533e+07,1.3564e+07,1.3432e+07,1.3164e+07
4.556e+06,4.9617e+06,5.6237e+06,6.0782e+06,6.5383e+06,7.1795e+06,7.6145e+06,7.6961e+06,7.9281e+06,7.3707e+06,8.0852e+06,8.0217e+06,7.7982e+06,8.0183e+06,8.3193e+06,8.2599e+06,8.0586e+06,8.1014e+06,8.3281e+06,8.5482e+06,8.2746e+06,7.9821e+06,7.791e+06,7.957e+06,8.1978e+06,7.9365e+06,8.1311e+06,7.8996e+06,8.1984e+06,8.6618e+06,7.9322e+06,8.227e+06,8.0729e+06,7.8152e+06,7.7114e+06,7.8111e+06,7.5675e+06,7.6168e+06,7.7003e+06,7.592e+06
2.9803e+06,3.5171e+06,3.711e+06,4.2045e+06,5.0036e+06,5.4516e+06,6.0865e+06,6.5374e+06,7.0027e+06,7.6668e+06,7.224e+06,7.6475e+06,8.1403e+06,8.0793e+06,8.2055e+06,8.1529e+06,8.402e+06,8.3864e+06,8.723e+06,8.0305e+06,7.7648e+06,7.4351e+06,7.2071e+06,7.1251e+06,6.9749e+06,6.5424e+06,6.4447e+06,6.3743e+06,6.3268e+06,6.4687e+06,7.054e+06,7.153e+06,7.1267e+06,7.3161e+06,7.3722e+06,7.5721e+06,7.4591e+06,7.4084e+06,7.3354e+06,7.7284e+06
3.2953e+06,3.6936e+06,3.9726e+06,4.3536e+06,5.2818e+06,5.7488e+06,6.1878e+06,6.9e+06,7.3401e+06,7.2636e+06,7.4282e+06,7.4968e+06,7.6808e+06,7.7285e+06,8.5548e+06,7.9974e+06,7.4999e+06,7.2679e+06,7.3641e+06,7.1425e+06,8.4267e+06,8.564e+06,8.9562e+06,8.6653e+06,8.4086e+06,8.4783e+06,8.7778e+06,8.623e+06,8.7437e+06,8.4841e+06,8.3051e+06,8.5016e+06,8.0478e+06,8.1565e+06,8.5336e+06,8.2354e+06,8.2863e+06,8.3475e+06,8.1834e+06,8.2732e+06
1.8033e+07,2.0515e+07,2.1221e+07,2.1763e+07,2.5755e+07,2.4967e+07,2.4766e+07,2.527e+07,3.0864e+07,3.1459e+07,3.1044e+07,3.1054e+07,3.1046e+07,2.9917e+07,3.0365e+07,2.9846e+07,3.0038e+07,2.94e+07,2.8762e+07,3.0232e+07,2.9164e+07,2.7759e+07,2.7323e+07,2.7748e+07,2.7403e+07,2.8115e+07,2.7761e+07,2.7646e+07,2.8154e+07,2.6675e+07,2.5483e+07,2.6307e+07,2.4623e+07,2.3423e+07,2.4825e+07,2.4045e+07,2.359e+07,2.5127e+07,2.5152e+07,2.5073e+07
4.8762e+06,5.6589e+06,5.9404e+06,6.3982e+06,6.962e+06,7.11e+06,7.6987e+06,8.0768e+06,8.876e+06,8.8564e+06,8.9714e+06,8.9877e+06,9.2484e+06,9.2123e+06,9.4603e+06,9.3598e+06,9.4686e+06,9.4086e+06,9.5199e+06,9.5259e+06,9.3192e+06,9.1417e+06,9.0171e+06,9.1374e+06,8.5369e+06,8.6265e+06,8.5242e+06,8.2443e+06,8.3954e+06,8.1679e+06,7.8889e+06,8.0343e+06,7.481e+06,7.4715e+06,7.5237e+06,7.3795e+06,8.0564e+06,8.0482e+06,7.9999e+06,8.2276e+06
2.8e+06,3.1463e+06,3.2282e+06,3.4204e+06,3.7845e+06,4.1438e+06,4.2608e+06,4.5859e+06,4.8889e+06,5.3671e+06,5.5643e+06,5.7871e+06,6.1826e+06,6.46e+06,6.787e+06,6.9055e+06,6.9982e+06,7.1825e+06,7.0396e+06,7.1816e+06,7.1366e+06,7.0773e+06,7.1605e+06,7.071e+06,6.7102e+06,6.7719e+06,6.8124e+06,6.8627e+06,6.7105e+06,6.7458e+06,5.8871e+06,6.7193e+06,6.4302e+06,6.5226e+06,6.6385e+06,6.8244e+06,6.8116e+06,6.9354e+06,6.9114e+06,7.2032e+06
3.6889e+06,4.4682e+06,5.013e+06,5.7472e+06,6.8108e+06,7.9869e+06,8.8213e+06,9.8042e+06,1.0881e+07,1.1693e+07,1.2009e+07,1.1919e+07,1.2464e+07,1.2282e+07,1.1514e+07,1.1065e+07,1.2148e+07,1.0534e+07,1.1272e+07,1.1108e+07,1.1274e+07,1.1258e+07,1.0228e+07,1.0574e+07,1.0455e+07,9.9837e+06,1.0278e+07,9.6924e+06,9.9371e+06,9.6103e+06,9.9048e+06,9.6491e+06,8.4384e+06,8.4198e+06,8.5251e+06,8.5885e+06,8.0684e+06,7.9735e+06,7.774e+06,7.586e+06
2.487e+06,2.919e+06,3.0811e+06,3.5515e+06,4.1413e+06,4.5459e+06,5.1013e+06,5.3582e+06,6.0237e+06,6.2367e+06,6.3936e+06,6.5678e+06,6.8514e+06,6.88e+06,7.1195e+06,7.0766e+06,7.1485e+06,7.1598e+06,7.3105e+06,7.3306e+06,7.1227e+06,6.9939e+06,7.0097e+06,7.1467e+06,6.7328e+06,6.6837e+06,6.875e+06,6.5649e+06,6.8733e+06,6.3319e+06,6.2185e+06,6.7995e+06,6.5616e+06,6.5039e+06,6.763e+06,6.6319e+06,6.3998e+06,6.518e+06,6.3684e+06,6.6636e+06
3.943e+07,3.651e+07,3.7006e+07,3.705e+07,4.2636e+07,4.1e+07,4.302e+07,4.2685e+07,4.4225e+07,4.4676e+07,4.4482e+07,4.3843e+07,4.3813e+07,4.1661e+07,4.3204e+07,4.2637e+07,4.2278e+07,4.0959e+07,4.1648e+07,4.2198e+07,4.0042e+07,4.0829e+07,4.0334e+07,4.4315e+07,4.2847e+07,4.2958e+07,4.1278e+07,4.2177e+07,4.283e+07,4.2559e+07,4.1975e+07,4.2207e+07,4.0935e+07,3.9093e+07,3.9858e+07,3.9226e+07,3.6945e+07,3.6515e+07,3.7159e+07,3.6907e+07
5.2977e+06,6.1065e+06,6.6765e+06,7.0031e+06,7.7612e+06,8.4289e+06,8.6109e+06,9.3827e+06,9.6306e+06,9.8837e+06,9.9585e+06,9.4129e+06,1.0061e+07,9.8709e+06,1.0073e+07,1.0105e+07,9.8018e+06,9.851e+06,9.956e+06,9.4456e+06,9.6569e+06,9.6456e+06,9.7422e+06,9.5802e+06,9.1892e+06,8.5339e+06,8.8593e+06,8.704e+06,8.6053e+06,8.5458e+06,8.0665e+06,9.1546e+06,9.0945e+06,9.1773e+06,9.3681e+06,9.4032e+06,8.9179e+06,9.377e+06,9.2357e+06,9.6318e+06
3.1547e+06,3.428e+06,3.7188e+06,3.8888e+06,4.5766e+06,4.7053e+06,4.9915e+06,5.1614e+06,5.6207e+06,5.2184e+06,5.6929e+06,5.7066e+06,5.9277e+06,6.3864e+06,6.7921e+06,6.629e+06,6.7475e+06,6.7876e+06,6.4261e+06,5.8504e+06,5.6159e+06,6.757e+06,6.5358e+06,6.5353e+06,5.5373e+06,5.435e+06,6.0225e+06,5.2547e+06,5.3067e+06,5.3254e+06,5.72e+06,4.9099e+06,5.9275e+06,5.7968e+06,5.667e+06,5.6248e+06,5.2798e+06,5.5814e+06,5.4259e+06,6.0978e+06
2.5228e+06,2.6042e+06,2.8043e+06,2.6809e+06,2.7639e+06,2.9905e+06,3.002e+06,4.0594e+06,4.2417e+06,4.5554e+06,4.2572e+06,4.4052e+06,4.3581e+06,4.5811e+06,4.715e+06,4.7299e+06,4.8945e+06,4.7333e+06,4.5525e+06,4.3876e+06,4.2547e+06,4.2837e+06,4.2184e+06,2.8687e+06,2.7568e+06,2.7139e+06,4.4583e+06,2.7202e+06,2.6429e+06,2.7129e+06,2.577e+06,2.6084e+06,2.6128e+06,2.6807e+06,2.6926e+06,2.737e+06,2.6889e+06,2.5959e+06,2.6335e+06,2.7251e+06
2.1145e+06,2.4735e+06,2.7243e+06,3.1252e+06,3.8083e+06,4.5033e+06,5.2107e+06,5.8791e+06,6.6033e+06,7.152e+06,7.6355e+06,7.6769e+06,8.3019e+06,8.3219e+06,8.8149e+06,7.8719e+06,8.6463e+06,7.6088e+06,8.149e+06,7.7202e+06,7.8846e+06,7.8701e+06,7.8313e+06,7.766e+06,7.4767e+06,7.4035e+06,7.7459e+06,7.3744e+06,7.7403e+06,7.8407e+06,6.6325e+06,7.2688e+06,7.8315e+06,8.4085e+06,8.5596e+06,8.5931e+06,7.6401e+06,7.7082e+06,7.6489e+06,7.8763e+06
1.0429e+06,1.3385e+06,1.499e+06,1.746e+06,1.9904e+06,2.3868e+06,2.6926e+06,3.0926e+06,3.257e+06,3.4713e+06,3.5287e+06,3.5657e+06,3.5722e+06,3.6972e+06,3.3672e+06,3.7351e+06,3.8259e+06,3.5573e+06,3.5783e+06,3.3644e+06,3.3544e+06,3.3167e+06,3.4367e+06,3.38e+06,3.2599e+06,3.189e+06,3.2527e+06,3.064e+06,3.1059e+06,3.0197e+06,2.8716e+06,2.7835e+06,2.6896e+06,2.7469e+06,2.7584e+06,2.7983e+06,2.6646e+06,2.5243e+06,2.6087e+06,2.6514e+06
