3.2224e+06,3.5371e+06,3.6195e+06,3.7972e+06,3.8623e+06,4.068e+06,4.0596e+06,4.0774e+06,4.3398e+06,4.312e+06,4.6608e+06,4.6263e+06,4.6772e+06,4.7474e+06,4.7573e+06,4.8219e+06,4.8599e+06,4.8769e+06,4.8177e+06,4.9325e+06,5.4029e+06,4.987e+06,4.9967e+06,5.7591e+06,6.2142e+06,5.739e+06,5.8655e+06,6.1145e+06,6.6019e+06,6.5122e+06,6.3905e+06,6.3877e+06,6.3494e+06,6.5058e+06,6.2324e+06,6.2801e+06,6.279e+06,6.3263e+06,6.1135e+06,6.1037e+06
2.1441e+07,2.3912e+07,2.4118e+07,2.5993e+07,2.6205e+07,2.609e+07,2.5793e+07,2.8405e+07,2.9766e+07,2.9664e+07,2.9624e+07,3.0236e+07,3.1119e+07,3.0952e+07,3.1664e+07,3.1012e+07,3.2301e+07,3.1574e+07,3.1821e+07,3.2241e+07,3.3071e+07,3.2905e+07,3.4893e+07,3.3419e+07,3.3494e+07,3.3113e+07,3.2791e+07,3.2384e+07,3.3176e+07,3.2849e+07,3.3028e+07,3.3507e+07,3.2067e+07,3.315e+07,3.1978e+07,3.1717e+07,3.2329e+07,3.0704e+07,2.9785e+07,2.9007e+07
9.4416e+06,1.0688e+07,1.1295e+07,1.1876e+07,1.2936e+07,1.4008e+07,1.4996e+07,1.585e+07,1.6621e+07,1.726e+07,1.8567e+07,1.9309e+07,2.0045e+07,2.0624e+07,2.1586e+07,2.2719e+07,2.3357e+07,2.3256e+07,2.4017e+07,2.2782e+07,2.2701e+07,2.4716e+07,2.6173e+07,2.684e+07,2.7392e+07,2.6654e+07,2.7086e+07,2.7565e+07,2.8852e+07,2.8961e+07,2.78e+07,2.9035e+07,2.8594e+07,2.941e+07,2.8659e+07,2.9745e+07,2.925e+07,2.941e+07,2.8039e+07,2.7433e+07
1.4155e+07,1.5962e+07,1.5954e+07,1.7071e+07,1.7376e+07,1.8982e+07,1.9269e+07,1.9828e+07,2.0621e+07,2.0267e+07,2.0442e+07,2.1134e+07,2.1257e+07,2.0687e+07,2.0449e+07,2.1902e+07,2.1602e+07,2.1181e+07,2.1116e+07,2.0775e+07,2.0466e+07,1.9983e+07,2.075e+07,2.0853e+07,2.0593e+07,1.9912e+07,2.0007e+07,1.8768e+07,1.9273e+07,1.9042e+07,1.7955e+07,1.9176e+07,1.8474e+07,1.7236e+07,1.5874e+07,1.9165e+07,1.9705e+07,1.8991e+07,1.9013e+07,1.8463e+07
2.6249e+06,2.9713e+06,2.9978e+06,3.3815e+06,3.5941e+06,4.023e+06,4.3862e+06,4.5779e+06,5.3105e+06,5.6332e+06,5.5654e+06,6.1123e+06,6.1036e+06,6.2452e+06,6.4674e+06,6.2795e+06,6.9424e+06,6.761e+06,6.9767e+06,7.2115e+06,7.354e+06,7.2581e+06,7.1814e+06,7.3752e+06,7.5242e+06,7.3343e+06,7.1643e+06,7.1016e+06,7.199e+06,6.9041e+06,6.9117e+06,6.8344e+06,6.4696e+06,6.6537e+06,6.2214e+06,6.1206e+06,6.2261e+06,5.9686e+06,5.6775e+06,6.8092e+06
1.3169e+07,1.3691e+07,1.4093e+07,1.5689e+07,1.6957e+07,1.8005e+07,1.8e+07,1.8897e+07,1.8824e+07,1.9565e+07,1.9545e+07,2.0244e+07,2.0157e+07,2.0303e+07,2.2196e+07,2.2066e+07,2.1758e+07,2.2661e+07,2.322e+07,2.2427e+07,2.2427e+07,2.3544e+07,2.2818e+07,2.2343e+07,2.1919e+07,2.1884e+07,2.1862e+07,2.1156e+07,2.1538e+07,2.1323e+07,2.1442e+07,2.1701e+07,2.1284e+07,2.0685e+07,2.0644e+07,1.9765e+07,1.9385e+07,1.9676e+07,1.972e+07,1.9516e+07
1.0689e+07,1.1361e+07,1.163e+07,1.3229e+07,1.3618e+07,1.5844e+07,1.6823e+07,1.8068e+07,1.8949e+07,1.9727e+07,2.0126e+07,2.1304e+07,2.193e+07,2.2873e+07,2.3041e+07,2.2723e+07,2.2621e+07,2.3904e+07,2.4305e+07,2.3194e+07,2.3194e+07,2.3317e+07,2.5096e+07,2.4859e+07,2.4766e+07,2.5217e+07,2.5849e+07,2.508e+07,2.4105e+07,2.4654e+07,2.5736e+07,2.5778e+07,2.5397e+07,2.6287e+07,2.5578e+07,2.4238e+07,2.2856e+07,2.2649e+07,2.4473e+07,2.4771e+07
1.7814e+06,1.9075e+06,1.9967e+06,2.2048e+06,2.433e+06,2.8018e+06,3.123e+06,3.377e+06,3.9966e+06,4.7535e+06,5.7241e+06,6.6927e+06,7.5706e+06,8.0225e+06,8.2758e+06,8.5221e+06,8.771e+06,9.2584e+06,9.1873e+06,9.2008e+06,9.2008e+06,9.8051e+06,9.9172e+06,9.6034e+06,9.5251e+06,9.8229e+06,9.932e+06,9.5745e+06,9.9806e+06,9.9495e+06,9.7369e+06,9.5152e+06,9.086e+06,9.1937e+06,9.314e+06,8.2071e+06,9.0141e+06,9.3629e+06,9.1029e+06,9.1824e+06
3.5737e+06,3.9833e+06,4.1677e+06,4.5973e+06,5.0911e+06,5.58e+06,6.102e+06,6.4269e+06,7.2278e+06,7.6234e+06,7.8932e+06,8.5602e+06,9.1289e+06,9.5602e+06,9.6362e+06,9.9162e+06,9.9622e+06,1.0928e+07,1.1114e+07,1.0747e+07,1.0747e+07,1.2009e+07,1.2128e+07,1.1774e+07,1.1897e+07,1.1977e+07,1.2213e+07,1.193e+07,1.2735e+07,1.2202e+07,1.2516e+07,1.2626e+07,1.2395e+07,1.2483e+07,1.2352e+07,1.2324e+07,1.2174e+07,1.2428e+07,1.2239e+07,1.2e+07
7.1375e+05,6.8405e+05,6.6833e+05,7.1982e+05,7.0779e+05,6.861e+05,7.5249e+05,8.5696e+05,8.7629e+05,8.787e+05,9.6652e+05,1.0971e+06,1.0586e+06,1.3081e+06,1.3534e+06,1.2499e+06,1.2279e+06,1.3939e+06,1.3548e+06,1.4158e+06,1.4158e+06,1.467e+06,1.5982e+06,1.5785e+06,1.591e+06,1.5714e+06,1.6036e+06,1.5609e+06,1.5372e+06,1.6483e+06,1.6445e+06,1.6324e+06,1.746e+06,1.7787e+06,1.7239e+06,1.6999e+06,1.7266e+06,1.7116e+06,1.8437e+06,1.9395e+06
2.9701e+06,3.2332e+06,3.9273e+06,4.4936e+06,4.8237e+06,5.5663e+06,6.2637e+06,7.4776e+06,8.3531e+06,8.8112e+06,9.2584e+06,9.9499e+06,1.0349e+07,1.0661e+07,1.0632e+07,1.1179e+07,1.0769e+07,1.155e+07,1.178e+07,1.2072e+07,1.1923e+07,1.2319e+07,1.2556e+07,1.321e+07,1.3158e+07,1.3338e+07,1.3407e+07,1.3886e+07,1.2958e+07,1.3198e+07,1.2895e+07,1.3084e+07,1.3027e+07,1.276e+07,1.2895e+07,1.3203e+07,1.358e+07,1.3631e+07,1.3692e+07,1.4211e+07
6.823e+06,6.5714e+06,7.8233e+06,8.4846e+06,9.1559e+06,1.0168e+07,1.1232e+07,1.1354e+07,1.157e+07,1.2978e+07,1.4269e+07,1.4315e+07,1.5162e+07,1.5679e+07,1.4919e+07,1.5087e+07,1.5143e+07,1.5069e+07,1.5196e+07,1.6675e+07,1.6109e+07,1.5765e+07,1.5593e+07,1.4887e+07,1.5768e+07,1.5878e+07,1.6147e+07,1.6489e+07,1.5704e+07,1.6164e+07,1.5891e+07,1.668e+07,1.6559e+07,1.8319e+07,1.8541e+07,1.8527e+07,1.902e+07,1.891e+07,1.8428e+07,1.883e+07
1.1827e+07,1.2331e+07,1.3546e+07,1.4105e+07,1.525e+07,1.6617e+07,1.8317e+07,1.9002e+07,2.0065e+07,2.1515e+07,2.211e+07,2.2982e+07,2.4426e+07,2.4684e+07,2.4281e+07,2.5681e+07,2.4954e+07,2.5186e+07,2.5339e+07,2.6634e+07,2.6154e+07,2.6213e+07,2.715e+07,3.1207e+07,3.1286e+07,3.149e+07,3.1331e+07,3.2974e+07,3.1918e+07,3.3088e+07,3.3038e+07,3.3891e+07,3.3783e+07,3.2378e+07,3.2357e+07,3.2248e+07,3.2036e+07,3.2024e+07,3.0914e+07,3.1097e+07
1.0337e+07,1.0885e+07,1.1946e+07,1.2221e+07,1.3259e+07,1.3772e+07,1.4865e+07,1.4651e+07,1.581e+07,1.6694e+07,1.6242e+07,1.64e+07,1.7056e+07,1.6913e+07,1.6115e+07,1.6494e+07,1.5773e+07,1.55e+07,1.4801e+07,1.4435e+07,1.4084e+07,1.366e+07,1.3565e+07,1.3494e+07,1.5778e+07,1.6895e+07,1.6761e+07,1.6476e+07,1.6466e+07,1.6249e+07,1.6225e+07,1.6382e+07,1.6246e+07,1.5985e+07,1.5391e+07,1.5523e+07,1.5593e+07,1.5436e+07,1.5006e+07,1.4843e+07
1.5122e+07,1.5913e+07,1.7385e+07,1.8316e+07,1.8645e+07,2.0232e+07,2.1685e+07,2.2617e+07,2.3849e+07,2.4962e+07,2.4346e+07,2.5143e+07,2.5533e+07,2.5357e+07,2.4722e+07,2.5463e+07,2.4178e+07,2.4297e+07,2.3732e+07,2.4802e+07,2.3569e+07,2.3714e+07,2.3137e+07,2.2745e+07,2.1993e+07,2.135e+07,2.4493e+07,2.5048e+07,2.442e+07,2.4613e+07,2.517e+07,2.5617e+07,2.4112e+07,2.3739e+07,2.3469e+07,2.3228e+07,2.353e+07,2.334e+07,2.2474e+07,2.2756e+07
3.7402e+06,4.001e+06,4.3856e+06,4.8458e+06,5.2951e+06,5.706e+06,6.4357e+06,6.9723e+06,7.3665e+06,8.1795e+06,8.6871e+06,9.2309e+06,9.7188e+06,1.0117e+07,9.8723e+06,1.0701e+07,1.0293e+07,1.0472e+07,1.0716e+07,1.1071e+07,1.0857e+07,1.3467e+07,1.4468e+07,1.4643e+07,1.4872e+07,1.5053e+07,1.5273e+07,1.554e+07,1.5291e+07,1.511e+07,1.5195e+07,1.5557e+07,1.5563e+07,1.52e+07,1.5301e+07,1.5326e+07,1.5376e+07,1.5343e+07,1.4755e+07,1.5347e+07
6.0468e+06,6.6371e+06,7.6858e+06,8.318e+06,8.9209e+06,9.8924e+06,1.107e+07,1.145e+07,1.1961e+07,1.2338e+07,1.233e+07,1.2442e+07,1.2966e+07,1.2881e+07,1.4274e+07,1.5063e+07,1.5023e+07,1.5805e+07,1.5609e+07,1.6609e+07,1.575e+07,1.6546e+07,1.5758e+07,1.6129e+07,1.5376e+07,1.5147e+07,1.5172e+07,1.5394e+07,1.4537e+07,1.4751e+07,1.4269e+07,1.4583e+07,1.4559e+07,1.3786e+07,1.3886e+07,1.3745e+07,1.3868e+07,1.3219e+07,1.3e+07,1.4059e+07
1.4293e+06,1.2883e+06,1.3563e+06,1.337e+06,1.3714e+06,1.4378e+06,1.4909e+06,1.5569e+06,1.6012e+06,1.817e+06,1.7418e+06,1.8516e+06,1.9085e+06,1.8355e+06,1.9244e+06,1.9872e+06,2.1005e+06,2.0068e+06,1.9981e+06,2.2127e+06,2.2623e+06,2.2365e+06,2.2081e+06,2.201e+06,2.0746e+06,2.0357e+06,2.3118e+06,2.3586e+06,2.3358e+06,2.3828e+06,2.4246e+06,2.4367e+06,2.5652e+06,2.6667e+06,2.6118e+06,2.8228e+06,3.0821e+06,3.0468e+06,2.9245e+06,2.9156e+06
1.5355e+06,1.5695e+06,1.636e+06,1.6819e+06,1.702e+06,1.7771e+06,1.8607e+06,1.8432e+06,1.8885e+06,1.9587e+06,1.9438e+06,1.9318e+06,1.9834e+06,1.9922e+06,2.0235e+06,2.0725e+06,1.9876e+06,1.9743e+06,1.9051e+06,1.9392e+06,1.7833e+06,1.778e+06,1.7743e+06,1.7805e+06,1.7767e+06,2.4355e+06,2.6969e+06,2.7832e+06,2.7813e+06,2.9535e+06,3.0298e+06,3.1488e+06,3.1523e+06,3.0564e+06,3.2582e+06,3.3012e+06,3.5494e+06,3.5958e+06,3.5231e+06,3.5838e+06
1.5233e+07,1.7014e+07,1.8574e+07,1.919e+07,2.0149e+07,2.1761e+07,2.2542e+07,2.2598e+07,2.3726e+07,2.4039e+07,2.3839e+07,2.4807e+07,2.4942e+07,2.4671e+07,2.3949e+07,2.4921e+07,2.4136e+07,2.4512e+07,2.4091e+07,2.4517e+07,2.3848e+07,2.4405e+07,2.4037e+07,2.4499e+07,2.3684e+07,2.3316e+07,2.3441e+07,2.3452e+07,2.2404e+07,2.212e+07,2.1373e+07,2.1589e+07,2.0694e+07,1.9842e+07,2.1851e+07,2.1872e+07,2.2596e+07,2.2111e+07,2.1763e+07,2.2019e+07
1.783e+06,1.9265e+06,2.1281e+06,2.3107e+06,2.5377e+06,2.8672e+06,3.3157e+06,3.6625e+06,4.1629e+06,4.7568e+06,5.4321e+06,6.1865e+06,6.7255e+06,7.0837e+06,7.3167e+06,7.764e+06,7.7675e+06,7.7545e+06,7.9423e+06,8.1939e+06,8.0634e+06,8.2046e+06,8.2333e+06,8.3204e+06,8.2412e+06,8.252e+06,8.2721e+06,8.4571e+06,8.0357e+06,8.3859e+06,8.127e+06,7.9729e+06,7.9356e+06,7.9903e+06,7.7784e+06,7.7515e+06,7.7735e+06,7.5804e+06,7.4123e+06,7.4018e+06
2.7594e+06,3.1544e+06,3.4964e+06,3.8261e+06,4.1832e+06,4.7544e+06,5.3213e+06,5.5164e+06,6.4267e+06,6.7129e+06,7.0865e+06,7.385e+06,7.7061e+06,8.1043e+06,8.2169e+06,9.3437e+06,9.4383e+06,9.549e+06,1.0735e+07,1.101e+07,1.1064e+07,1.1555e+07,1.1452e+07,1.252e+07,1.1408e+07,1.1632e+07,1.1785e+07,1.2295e+07,1.1691e+07,1.1567e+07,1.1657e+07,1.1612e+07,1.1325e+07,1.0959e+07,1.0912e+07,1.1048e+07,1.1263e+07,1.0924e+07,1.0395e+07,1.0611e+07
5.0681e+06,5.6834e+06,6.359e+06,6.4109e+06,7.0896e+06,7.0412e+06,7.6295e+06,7.7577e+06,7.927e+06,8.2598e+06,8.2807e+06,7.9242e+06,6.0303e+06,6.181e+06,5.4998e+06,5.8607e+06,5.7882e+06,5.812e+06,5.7401e+06,5.9755e+06,5.995e+06,5.654e+06,5.9365e+06,5.714e+06,5.7838e+06,5.8693e+06,5.9063e+06,5.8889e+06,5.7962e+06,5.9996e+06,6.2137e+06,6.2276e+06,6.1568e+06,5.7947e+06,6.1227e+06,5.719e+06,5.9387e+06,5.7632e+06,5.5202e+06,5.6428e+06
1.696e+06,1.7847e+06,2.0142e+06,2.0256e+06,2.1516e+06,2.4929e+06,2.6813e+06,2.9369e+06,3.112e+06,3.1637e+06,3.4885e+06,3.7235e+06,3.9444e+06,4.1444e+06,3.8246e+06,4.5976e+06,4.7697e+06,4.9632e+06,5.0408e+06,5.1483e+06,4.9631e+06,5.1912e+06,5.0183e+06,5.14e+06,4.9248e+06,5.1176e+06,5.1484e+06,5.3105e+06,5.2387e+06,5.3043e+06,5.3192e+06,5.5758e+06,5.4771e+06,5.4168e+06,5.5127e+06,5.4097e+06,6.0424e+06,5.4969e+06,5.4259e+06,5.3565e+06
1.3438e+06,1.3214e+06,1.3179e+06,1.388e+06,1.5337e+06,1.5555e+06,1.6921e+06,1.7553e+06,1.7919e+06,1.7709e+06,1.7669e+06,1.777e+06,1.9895e+06,2.0639e+06,2.2881e+06,2.096e+06,2.5129e+06,2.6882e+06,2.8817e+06,2.8984e+06,3.0339e+06,3.1771e+06,3.4034e+06,3.5404e+06,3.8401e+06,3.8558e+06,3.9643e+06,3.8066e+06,4.0404e+06,3.9393e+06,3.8352e+06,3.9033e+06,3.8424e+06,4.0067e+06,3.9742e+06,3.9223e+06,3.8577e+06,3.807e+06,3.8867e+06,3.8479e+06
1.3085e+06,1.2987e+06,1.3484e+06,1.4274e+06,1.4542e+06,1.5031e+06,1.5473e+06,1.6035e+06,1.6251e+06,1.6465e+06,1.6259e+06,1.651e+06,1.6929e+06,1.6907e+06,1.7932e+06,1.7866e+06,1.8497e+06,1.8486e+06,1.8278e+06,1.7492e+06,1.8604e+06,1.8447e+06,1.968e+06,1.9767e+06,1.8334e+06,1.8177e+06,1.826e+06,1.7965e+06,2.3349e+06,2.4535e+06,3.1431e+06,2.5801e+06,2.6194e+06,2.7286e+06,2.7662e+06,2.9253e+06,2.9753e+06,2.9441e+06,2.9573e+06,2.9657e+06
1.4231e+06,1.4135e+06,1.4342e+06,1.4626e+06,1.5212e+06,1.4888e+06,1.5279e+06,1.5547e+06,1.5914e+06,1.5284e+06,1.5405e+06,1.5373e+06,1.6128e+06,1.6011e+06,1.6303e+06,1.6173e+06,1.6308e+06,1.633e+06,1.6293e+06,1.5834e+06,1.6468e+06,1.652e+06,1.6346e+06,1.7299e+06,1.7912e+06,1.7886e+06,1.8648e+06,1.7839e+06,1.8507e+06,1.8996e+06,2.2659e+06,1.8971e+06,1.8084e+06,1.9481e+06,2.0288e+06,1.9905e+06,2.0225e+06,1.9429e+06,1.9598e+06,1.974e+06
3.59e+06,3.9268e+06,4.5635e+06,5.0383e+06,5.7387e+06,6.3832e+06,6.3996e+06,7.1311e+06,7.7851e+06,7.8693e+06,7.9676e+06,7.9572e+06,8.4279e+06,8.4687e+06,8.3661e+06,8.3712e+06,8.2037e+06,8.2292e+06,8.2925e+06,7.9906e+06,8.023e+06,7.9453e+06,7.9488e+06,8.0214e+06,8.1244e+06,7.5705e+06,7.8366e+06,7.457e+06,7.9633e+06,7.7553e+06,7.5687e+06,7.6856e+06,7.609e+06,7.5632e+06,7.5343e+06,7.399e+06,7.1564e+06,6.9e+06,6.9351e+06,6.7557e+06
6.5643e+06,6.8973e+06,7.445e+06,7.5121e+06,7.8979e+06,7.9386e+06,8.4584e+06,8.1077e+06,8.7857e+06,8.7892e+06,8.7446e+06,8.7062e+06,8.9449e+06,8.4119e+06,8.4167e+06,8.7708e+06,8.4746e+06,8.5726e+06,8.2503e+06,5.4847e+06,5.3318e+06,8.0195e+06,7.6979e+06,7.5411e+06,8.0754e+06,7.8604e+06,7.6157e+06,7.3355e+06,8.1192e+06,8.1531e+06,8.8232e+06,7.8798e+06,7.6117e+06,7.6446e+06,7.6517e+06,7.9534e+06,7.9274e+06,6.874e+06,7.437e+06,7.5567e+06
7.5418e+05,7.8335e+05,7.8081e+05,7.8508e+05,7.9155e+05,7.8146e+05,7.9476e+05,8.0887e+05,8.2925e+05,8.397e+05,8.9717e+05,9.2447e+05,9.8214e+05,1.0183e+06,1.0202e+06,1.0416e+06,1.089e+06,1.1809e+06,1.3098e+06,1.4283e+06,1.5731e+06,1.668e+06,1.7845e+06,1.8565e+06,1.871e+06,1.8632e+06,1.9265e+06,1.8499e+06,1.9702e+06,1.9556e+06,1.8973e+06,1.9532e+06,2.0017e+06,1.9079e+06,2.0058e+06,1.9668e+06,2.0041e+06,1.9621e+06,2.0179e+06,1.9617e+06
5.9488e+06,6.6372e+06,7.6334e+06,1.032e+07,1.2162e+07,1.447e+07,1.6614e+07,1.733e+07,1.8292e+07,1.9936e+07,2.1033e+07,2.1403e+07,2.1326e+07,2.2397e+07,2.2636e+07,2.2369e+07,2.2443e+07,2.2452e+07,2.2658e+07,2.1537e+07,2.1606e+07,2.1749e+07,2.3367e+07,2.2943e+07,2.4522e+07,2.4745e+07,2.465e+07,2.5275e+07,2.4963e+07,2.5243e+07,2.49e+07,2.4616e+07,2.4977e+07,2.4807e+07,2.5129e+07,2.4964e+07,2.4875e+07,2.4868e+07,2.4342e+07,2.4168e+07
9.6187e+06,1.0453e+07,1.0906e+07,1.2679e+07,1.3561e+07,1.4839e+07,1.5489e+07,1.6235e+07,1.7816e+07,1.8864e+07,1.9267e+07,1.9622e+07,2.0271e+07,2.17e+07,2.1835e+07,2.3224e+07,2.277e+07,2.3953e+07,2.4518e+07,2.4938e+07,2.5448e+07,2.6683e+07,2.7032e+07,2.6793e+07,2.7537e+07,2.6525e+07,2.6032e+07,2.8796e+07,2.8835e+07,3.0333e+07,3.0549e+07,2.9452e+07,2.9165e+07,2.9003e+07,2.9649e+07,2.9749e+07,2.9303e+07,2.9363e+07,2.8555e+07,2.8012e+07
5.6859e+06,6.351e+06,6.9449e+06,8.0411e+06,8.7506e+06,9.6505e+06,9.8867e+06,9.9871e+06,9.968e+06,1.0405e+07,1.0327e+07,1.227e+07,1.2585e+07,1.2854e+07,1.3473e+07,1.3715e+07,1.3792e+07,1.4536e+07,1.4809e+07,1.4588e+07,1.527e+07,1.598e+07,1.6304e+07,1.6224e+07,1.6729e+07,1.6738e+07,1.7474e+07,1.7832e+07,1.6638e+07,1.656e+07,1.6432e+07,1.647e+07,1.6491e+07,1.6365e+07,1.6031e+07,1.6268e+07,1.6606e+07,1.6474e+07,1.6219e+07,1.5927e+07
7.0989e+06,8.1368e+06,8.592e+06,9.0357e+06,8.7975e+06,9.3133e+06,9.4671e+06,1.0101e+07,1.032e+07,1.0632e+07,1.0823e+07,1.079e+07,1.1426e+07,1.1474e+07,1.1828e+07,1.1896e+07,1.1865e+07,1.2119e+07,1.2377e+07,1.2167e+07,1.1915e+07,1.2451e+07,1.31e+07,1.2635e+07,1.3178e+07,1.3141e+07,1.1756e+07,1.1252e+07,1.1975e+07,1.2081e+07,1.3873e+07,1.2504e+07,1.2384e+07,1.2546e+07,1.2166e+07,1.2029e+07,1.2024e+07,1.3344e+07,1.2992e+07,1.3107e+07
1.613e+06,1.5789e+06,1.6084e+06,1.6756e+06,1.745e+06,1.7804e+06,1.8513e+06,1.8226e+06,1.9554e+06,1.8442e+06,1.9279e+06,1.9206e+06,2.0084e+06,1.9923e+06,2.0333e+06,2.1099e+06,2.8246e+06,3.0593e+06,3.2139e+06,3.2945e+06,3.4303e+06,3.6501e+06,3.685e+06,3.5683e+06,3.7207e+06,3.7085e+06,3.7279e+06,3.8031e+06,4.0191e+06,3.6095e+06,3.7952e+06,3.7823e+06,3.5916e+06,3.9717e+06,4.0845e+06,3.6412e+06,4.0797e+06,4.0671e+06,3.7424e+06,3.7006e+06
6.4305e+06,6.8913e+06,7.3535e+06,7.9758e+06,8.915e+06,9.8539e+06,1.0362e+07,1.0489e+07,1.1563e+07,1.1533e+07,1.2251e+07,1.2951e+07,1.3653e+07,1.3938e+07,1.535e+07,1.5691e+07,1.7295e+07,1.882e+07,1.9579e+07,2.0774e+07,2.0588e+07,2.1969e+07,2.1496e+07,2.1239e+07,2.2148e+07,2.1967e+07,2.1165e+07,2.144e+07,2.2085e+07,2.1716e+07,2.1701e+07,2.1214e+07,2.1642e+07,2.0397e+07,2.1153e+07,2.0916e+07,2.1265e+07,2.1112e+07,2.103e+07,2.0661e+07
4.0033e+06,4.0778e+06,4.2796e+06,4.5374e+06,4.8215e+06,5.0121e+06,5.1151e+06,5.22e+06,5.3947e+06,5.2261e+06,5.4241e+06,5.4524e+06,5.6545e+06,5.4542e+06,5.6759e+06,5.4528e+06,5.5745e+06,5.605e+06,5.5842e+06,5.6501e+06,5.4752e+06,5.7661e+06,5.5637e+06,5.4519e+06,5.6604e+06,5.5264e+06,5.3537e+06,5.3401e+06,5.3712e+06,5.1908e+06,5.1748e+06,4.9746e+06,5.0481e+06,5.1007e+06,5.1223e+06,5.2768e+06,5.4624e+06,5.1477e+06,5.0358e+06,5.1425e+06
1.6283e+06,1.8355e+06,2.1204e+06,2.3009e+06,2.8462e+06,3.2512e+06,3.6038e+06,3.8383e+06,4.5958e+06,4.7988e+06,5.3574e+06,5.5456e+06,6.1027e+06,6.0245e+06,6.4301e+06,6.8611e+06,7.154e+06,7.7749e+06,7.932e+06,8.2736e+06,8.198e+06,8.659e+06,8.2382e+06,8.2713e+06,8.5019e+06,8.436e+06,8.0032e+06,8.22e+06,8.4922e+06,8.5844e+06,7.6359e+06,8.0695e+06,8.2306e+06,8.341e+06,8.0762e+06,7.7214e+06,7.7457e+06,7.6045e+06,7.4179e+06,7.3999e+06
2.3691e+06,2.5181e+06,2.8643e+06,3.1656e+06,3.5185e+06,4.0134e+06,4.3514e+06,4.6107e+06,4.8411e+06,4.9533e+06,5.0842e+06,5.1585e+06,5.3003e+06,6.8722e+06,6.7284e+06,7.6788e+06,7.6144e+06,7.7295e+06,7.8125e+06,8.0129e+06,7.8462e+06,7.5472e+06,7.818e+06,7.5553e+06,7.6102e+06,7.8386e+06,7.5146e+06,7.66e+06,7.2779e+06,7.4071e+06,7.3216e+06,7.214e+06,7.5899e+06,7.3461e+06,8.9265e+06,6.889e+06,1.0379e+07,6.9677e+06,6.5869e+06,6.9006e+06
4.1551e+06,4.3039e+06,4.8107e+06,5.5844e+06,6.2541e+06,6.6741e+06,9.1027e+06,1.0663e+07,1.2024e+07,1.4665e+07,1.5045e+07,1.6958e+07,1.7792e+07,1.8829e+07,1.8672e+07,1.8818e+07,1.9154e+07,1.9333e+07,2.0152e+07,1.9859e+07,1.9516e+07,2.0161e+07,1.9499e+07,1.9935e+07,1.902e+07,1.9809e+07,2.0007e+07,1.8732e+07,2.0233e+07,1.93e+07,1.853e+07,1.8434e+07,1.8026e+07,1.8413e+07,1.8318e+07,1.6407e+07,1.6593e+07,1.7587e+07,1.7856e+07,1.7549e+07
1.6588e+06,1.6809e+06,1.8885e+06,2.6354e+06,2.9464e+06,3.5442e+06,4.0779e+06,4.7056e+06,5.1026e+06,5.5655e+06,5.8495e+06,6.2696e+06,6.7714e+06,7.1324e+06,6.9003e+06,7.2807e+06,7.1359e+06,7.2371e+06,7.5189e+06,7.4319e+06,7.3427e+06,7.1295e+06,7.3736e+06,7.1142e+06,7.2488e+06,7.1517e+06,7.252e+06,6.9178e+06,7.0908e+06,6.8815e+06,6.372e+06,6.5642e+06,6.2785e+06,6.2536e+06,6.8202e+06,6.5993e+06,6.8155e+06,6.8226e+06,7.1175e+06,6.9904e+06
1.3505e+07,1.421e+07,1.5338e+07,1.6479e+07,1.7315e+07,1.9162e+07,1.8562e+07,1.9383e+07,1.9941e+07,2.0178e+07,2.0318e+07,1.9726e+07,1.9661e+07,2.1868e+07,2.0839e+07,2.1265e+07,2.034e+07,2.0104e+07,2.1e+07,2.1244e+07,2.0194e+07,1.9968e+07,1.9349e+07,1.9156e+07,1.8356e+07,2.0209e+07,2.0024e+07,1.9477e+07,2.0082e+07,1.9523e+07,1.911e+07,1.9478e+07,1.9731e+07,1.98e+07,1.9477e+07,1.9001e+07,1.9171e+07,1.895e+07,1.9585e+07,1.8987e+07
1.256e+07,1.3251e+07,1.3835e+07,1.4869e+07,1.5167e+07,1.5451e+07,1.5897e+07,1.5852e+07,1.5873e+07,1.6484e+07,1.4669e+07,1.4605e+07,1.622e+07,1.5121e+07,1.6316e+07,1.6476e+07,1.4701e+07,1.603e+07,1.6711e+07,1.6391e+07,1.6367e+07,1.438e+07,1.5447e+07,1.5311e+07,1.4177e+07,1.4079e+07,1.4978e+07,1.4692e+07,1.4335e+07,1.3701e+07,1.4371e+07,1.4845e+07,1.5044e+07,1.5327e+07,1.4869e+07,1.4707e+07,1.473e+07,1.4561e+07,1.524e+07,1.5213e+07
1.4945e+07,1.5971e+07,1.6592e+07,1.7666e+07,1.8432e+07,1.892e+07,1.9529e+07,1.9941e+07,2.0844e+07,2.092e+07,2.0969e+07,2.1455e+07,2.2289e+07,2.2765e+07,2.2099e+07,2.2654e+07,2.2213e+07,2.2246e+07,2.2949e+07,2.2398e+07,2.2059e+07,2.0689e+07,2.0183e+07,2.0132e+07,1.9206e+07,1.903e+07,2.2392e+07,2.2181e+07,2.2659e+07,2.2296e+07,2.1763e+07,2.1874e+07,2.22e+07,2.2275e+07,2.2156e+07,2.14e+07,2.1055e+07,2.0825e+07,2.1145e+07,2.0986e+07
3.5129e+06,3.848e+06,4.2329e+06,4.5954e+06,5.1451e+06,5.755e+06,6.1167e+06,6.7017e+06,7.3494e+06,7.7649e+06,8.3765e+06,9.4547e+06,1.02e+07,1.0312e+07,1.03e+07,1.0925e+07,1.1077e+07,1.1143e+07,1.1698e+07,1.1901e+07,1.1907e+07,1.1551e+07,1.1695e+07,1.1851e+07,1.3097e+07,1.224e+07,1.4184e+07,1.4243e+07,1.5561e+07,1.5435e+07,1.525e+07,1.5724e+07,1.5897e+07,1.6176e+07,1.5945e+07,1.5289e+07,1.54e+07,1.5134e+07,1.5209e+07,1.4959e+07
1.4071e+07,1.4937e+07,1.5655e+07,1.6966e+07,1.85e+07,1.8805e+07,1.8094e+07,1.8172e+07,1.8339e+07,1.7677e+07,1.9636e+07,1.9749e+07,1.9617e+07,2.0923e+07,1.9268e+07,1.908e+07,2.0499e+07,1.9071e+07,1.9555e+07,1.93e+07,1.9391e+07,2.0303e+07,1.8735e+07,1.9429e+07,1.9687e+07,1.9865e+07,1.8431e+07,1.8475e+07,1.8931e+07,1.9283e+07,1.7105e+07,1.7452e+07,1.7107e+07,1.724e+07,1.6773e+07,1.5956e+07,1.5184e+07,1.896e+07,1.787e+07,1.8717e+07
5.873e+06,5.7044e+06,5.8069e+06,5.9878e+06,5.7461e+06,6.0158e+06,5.7971e+06,5.859e+06,5.9417e+06,6.0497e+06,5.9639e+06,5.9174e+06,6.1192e+06,6.3775e+06,5.97e+06,6.0516e+06,5.9763e+06,5.6977e+06,5.6484e+06,5.7148e+06,5.7043e+06,5.9354e+06,5.8161e+06,5.7814e+06,5.5232e+06,5.5765e+06,5.5807e+06,5.3661e+06,5.6716e+06,5.3641e+06,5.4715e+06,5.402e+06,5.4296e+06,5.2771e+06,5.554e+06,5.394e+06,5.3463e+06,5.5036e+06,5.4717e+06,5.4486e+06
1.8503e+06,2.0984e+06,2.3907e+06,2.7468e+06,3.2129e+06,3.9583e+06,4.0547e+06,4.3751e+06,5.1877e+06,5.9068e+06,6.1786e+06,6.7027e+06,6.804e+06,7.8777e+06,7.5195e+06,7.8011e+06,7.675e+06,7.6144e+06,8.6058e+06,8.3786e+06,8.4538e+06,8.1756e+06,8.2365e+06,7.7523e+06,7.8879e+06,8.0451e+06,8.0089e+06,7.8773e+06,7.7357e+06,7.7655e+06,7.5462e+06,7.3153e+06,7.793e+06,7.7998e+06,7.8275e+06,7.4183e+06,7.3491e+06,7.1725e+06,7.5722e+06,7.6583e+06
1.6409e+06,1.6701e+06,1.7939e+06,1.9159e+06,1.988e+06,2.3137e+06,2.2609e+06,2.3885e+06,2.543e+06,2.5826e+06,2.6375e+06,2.8031e+06,3.199e+06,3.2497e+06,3.0772e+06,3.2376e+06,3.3114e+06,3.3927e+06,3.5392e+06,3.7156e+06,3.5193e+06,4.0487e+06,4.1089e+06,4.0645e+06,4.0392e+06,4.1434e+06,4.1697e+06,3.8785e+06,4.1864e+06,3.9277e+06,4.2341e+06,4.3135e+06,4.7237e+06,4.3309e+06,4.4455e+06,4.5133e+06,4.5862e+06,4.6313e+06,4.6239e+06,5.1344e+06
2.9223e+06,3.4298e+06,3.5877e+06,3.8352e+06,4.1194e+06,4.1946e+06,4.815e+06,4.9843e+06,5.4996e+06,5.5813e+06,5.6514e+06,6.0694e+06,5.601e+06,5.9457e+06,6.6801e+06,7.1188e+06,6.8453e+06,7.7192e+06,7.8319e+06,6.9839e+06,7.9317e+06,7.835e+06,7.874e+06,7.8821e+06,7.9078e+06,7.9007e+06,8.0091e+06,8.535e+06,8.2142e+06,8.6527e+06,8.6821e+06,8.7667e+06,7.996e+06,8.3458e+06,8.1941e+06,8.7484e+06,9.0032e+06,8.3248e+06,8.8229e+06,9.1684e+06
1.7824e+07,2.0872e+07,2.1442e+07,2.3667e+07,2.6158e+07,2.618e+07,2.7846e+07,2.8045e+07,2.9071e+07,2.9519e+07,2.878e+07,2.941e+07,2.9994e+07,3.1162e+07,3.2198e+07,3.4182e+07,3.4053e+07,3.3993e+07,3.5022e+07,3.5136e+07,3.5173e+07,3.6369e+07,3.6484e+07,3.5978e+07,3.4845e+07,3.5032e+07,3.4634e+07,3.4432e+07,3.4898e+07,3.4512e+07,3.3025e+07,3.292e+07,3.2345e+07,3.0799e+07,3.2207e+07,3.1486e+07,3.3012e+07,3.2344e+07,3.2318e+07,3.2932e+07
1.7757e+06,1.8558e+06,1.8633e+06,1.9706e+06,1.9834e+06,1.9967e+06,2.2056e+06,2.2557e+06,2.2959e+06,2.5786e+06,2.5537e+06,2.5523e+06,2.7889e+06,2.7679e+06,2.8174e+06,2.8261e+06,3.325e+06,3.3189e+06,3.3651e+06,3.3733e+06,3.442e+06,3.5899e+06,3.7836e+06,3.7129e+06,3.6412e+06,3.7142e+06,3.7164e+06,3.8904e+06,3.8866e+06,3.8472e+06,3.8449e+06,3.8741e+06,3.8748e+06,3.6472e+06,3.7565e+06,3.7825e+06,3.7756e+06,3.7642e+06,3.7667e+06,3.8354e+06
2.3497e+06,2.6584e+06,2.6352e+06,2.8377e+06,3.0142e+06,3.0413e+06,3.1738e+06,3.262e+06,3.256e+06,3.2888e+06,3.391e+06,3.448e+06,3.7368e+06,3.941e+06,3.9652e+06,4.0466e+06,4.3206e+06,4.3141e+06,4.3669e+06,4.4658e+06,4.4846e+06,4.6566e+06,4.5654e+06,4.7702e+06,4.9091e+06,4.5797e+06,4.1241e+06,4.7789e+06,4.7956e+06,4.8876e+06,4.154e+06,4.8729e+06,4.3586e+06,4.7227e+06,4.6959e+06,4.768e+06,4.8284e+06,4.6774e+06,4.5285e+06,4.474e+06
9.1374e+06,1.0151e+07,1.0793e+07,1.2124e+07,1.3294e+07,1.3556e+07,1.4679e+07,1.5382e+07,1.6243e+07,1.6097e+07,1.5365e+07,1.5772e+07,1.5796e+07,1.6003e+07,1.5454e+07,1.5757e+07,1.5496e+07,1.4876e+07,1.4815e+07,1.4849e+07,1.438e+07,1.4765e+07,1.4661e+07,1.6329e+07,1.599e+07,1.613e+07,1.5981e+07,1.6605e+07,1.655e+07,1.6688e+07,1.6348e+07,1.6635e+07,1.6336e+07,1.628e+07,1.5603e+07,1.5483e+07,1.6083e+07,1.6109e+07,1.6059e+07,1.6648e+07
1.4248e+06,1.5876e+06,1.7396e+06,2.0607e+06,2.4218e+06,2.6756e+06,3.0868e+06,3.5598e+06,4.1382e+06,4.3339e+06,4.4842e+06,4.8102e+06,5.0167e+06,5.2764e+06,5.3408e+06,5.886e+06,5.4342e+06,5.2622e+06,5.7265e+06,5.8778e+06,5.8349e+06,6.039e+06,5.8377e+06,5.8548e+06,5.7656e+06,5.7653e+06,5.5508e+06,5.6373e+06,5.8166e+06,5.5107e+06,4.9455e+06,4.9529e+06,4.5209e+06,4.6084e+06,5.6322e+06,5.5489e+06,5.644e+06,5.6856e+06,5.6946e+06,5.7248e+06
5.7197e+06,6.3859e+06,6.627e+06,7.4618e+06,7.9233e+06,8.3767e+06,9.1822e+06,9.683e+06,9.8935e+06,1.0143e+07,9.9351e+06,1.0094e+07,1.0146e+07,1.05e+07,1.0461e+07,1.0654e+07,1.0813e+07,1.0659e+07,1.062e+07,1.073e+07,1.0214e+07,1.0575e+07,1.0291e+07,1.0157e+07,9.6828e+06,9.6189e+06,9.5851e+06,9.9217e+06,1.0201e+07,1.0094e+07,9.9404e+06,1.044e+07,1.0387e+07,1.0137e+07,1.026e+07,9.9538e+06,1.0138e+07,9.7481e+06,9.5847e+06,1.0146e+07
2.5966e+06,3.1851e+06,3.2262e+06,3.6302e+06,3.3663e+06,3.372e+06,4.3048e+06,4.1553e+06,4.2869e+06,4.4998e+06,4.5617e+06,4.7951e+06,5.0159e+06,5.1916e+06,5.3631e+06,5.3774e+06,5.6214e+06,5.3171e+06,5.4541e+06,5.5705e+06,5.6353e+06,5.8579e+06,6.0991e+06,6.0811e+06,6.0672e+06,6.0338e+06,6.3418e+06,6.5186e+06,6.5594e+06,6.7846e+06,6.4245e+06,6.5124e+06,6.5464e+06,6.4897e+06,7.3713e+06,7.1116e+06,7.1958e+06,6.549e+06,6.4866e+06,6.5663e+06
8.5223e+05,9.047e+05,8.5318e+05,1.0132e+06,1.0922e+06,1.1234e+06,1.2705e+06,1.368e+06,1.424e+06,1.4842e+06,1.5609e+06,1.6202e+06,1.6782e+06,1.7433e+06,1.4767e+06,1.5801e+06,1.5668e+06,1.6626e+06,1.6106e+06,1.7988e+06,1.7599e+06,1.7818e+06,1.8277e+06,1.7952e+06,1.899e+06,1.8819e+06,1.9625e+06,1.9246e+06,2.1421e+06,1.8843e+06,1.8364e+06,1.8807e+06,1.8959e+06,1.8897e+06,1.7976e+06,1.774e+06,1.8941e+06,1.8816e+06,1.8639e+06,1.9277e+06
3.698e+06,3.9458e+06,3.901e+06,4.026e+06,4.2033e+06,4.3197e+06,4.3634e+06,5.2086e+06,5.5536e+06,6.1496e+06,5.837e+06,6.5738e+06,5.9185e+06,6.1188e+06,6.1701e+06,6.4185e+06,6.2572e+06,6.6156e+06,6.4813e+06,6.6116e+06,6.7234e+06,6.7273e+06,7.0168e+06,7.1343e+06,7.374e+06,7.3724e+06,7.4612e+06,7.525e+06,7.4033e+06,7.7603e+06,7.6207e+06,7.6278e+06,7.3711e+06,7.2326e+06,7.0647e+06,6.7788e+06,6.7788e+06,7.3808e+06,7.2267e+06,7.3602e+06
2.5302e+07,2.5931e+07,2.8603e+07,2.8999e+07,2.879e+07,3.0404e+07,2.9764e+07,3.0716e+07,3.247e+07,3.0507e+07,3.2557e+07,3.2375e+07,3.1916e+07,3.1577e+07,3.1037e+07,3.2105e+07,3.0777e+07,2.9984e+07,2.8982e+07,2.9075e+07,2.8623e+07,2.8132e+07,2.8988e+07,2.8267e+07,2.7803e+07,2.6397e+07,2.6344e+07,2.7638e+07,2.6806e+07,2.5756e+07,2.6437e+07,2.4573e+07,2.39e+07,2.3053e+07,2.4631e+07,2.3211e+07,2.3211e+07,2.3025e+07,2.2657e+07,2.2444e+07
4.9046e+06,5.2342e+06,5.5337e+06,6.1527e+06,6.2618e+06,6.5371e+06,6.5821e+06,7.3899e+06,7.8557e+06,7.9185e+06,8.0378e+06,8.2667e+06,8.4964e+06,9.1288e+06,8.74e+06,9.4889e+06,9.411e+06,9.6253e+06,9.4914e+06,9.873e+06,9.7729e+06,1.0234e+07,1.0682e+07,1.0618e+07,1.0878e+07,1.054e+07,1.0411e+07,1.1051e+07,1.0997e+07,1.0336e+07,1.1089e+07,1.0267e+07,1.0074e+07,1.0074e+07,1.2206e+07,1.1929e+07,1.1929e+07,1.1766e+07,1.1617e+07,1.209e+07
1.6111e+07,1.7057e+07,1.7783e+07,1.7953e+07,1.9425e+07,2.1364e+07,2.2224e+07,2.3139e+07,2.4671e+07,2.2823e+07,2.5202e+07,2.2584e+07,2.6579e+07,2.6913e+07,2.5911e+07,2.6752e+07,2.6484e+07,2.6289e+07,2.6083e+07,2.6817e+07,2.65e+07,2.7641e+07,2.7208e+07,2.6401e+07,2.6781e+07,2.5675e+07,2.5824e+07,2.6074e+07,2.6022e+07,2.525e+07,2.6215e+07,2.462e+07,2.4724e+07,2.4129e+07,2.4409e+07,2.4094e+07,2.4094e+07,2.5046e+07,2.448e+07,2.3963e+07
1.7183e+06,1.7617e+06,1.8022e+06,1.8793e+06,1.9209e+06,1.9927e+06,2.0239e+06,2.116e+06,2.1304e+06,2.1826e+06,2.2458e+06,2.2632e+06,2.3402e+06,2.251e+06,2.3479e+06,2.3517e+06,2.2934e+06,2.2939e+06,2.3305e+06,2.3286e+06,2.1743e+06,2.1869e+06,2.093e+06,2.3543e+06,2.4202e+06,2.5652e+06,2.3823e+06,2.5122e+06,2.6606e+06,2.7217e+06,2.7954e+06,2.9517e+06,3.0453e+06,3.0529e+06,3.0861e+06,2.9955e+06,3.1463e+06,3.0349e+06,3.1436e+06,3.1947e+06
7.0873e+06,8.0535e+06,9.1327e+06,1.0163e+07,1.0796e+07,1.1732e+07,1.1671e+07,1.2628e+07,1.2752e+07,1.3459e+07,1.3759e+07,1.3134e+07,1.3963e+07,1.3143e+07,1.3324e+07,1.2826e+07,1.2954e+07,1.2835e+07,1.26e+07,1.1984e+07,1.1132e+07,1.1323e+07,1.072e+07,1.0912e+07,1.0499e+07,1.0578e+07,1.051e+07,1.0775e+07,1.1108e+07,1.0292e+07,1.0661e+07,1.0179e+07,1.0391e+07,1.0377e+07,1.0242e+07,1.002e+07,1.0158e+07,9.607e+06,9.8095e+06,9.563e+06
1.1324e+06,1.2187e+06,1.234e+06,1.271e+06,1.3459e+06,1.332e+06,1.3452e+06,1.4773e+06,1.4511e+06,1.5123e+06,1.4665e+06,1.5702e+06,1.51e+06,1.4086e+06,1.4747e+06,1.4463e+06,1.5468e+06,1.5463e+06,1.5965e+06,1.3865e+06,1.3472e+06,1.4533e+06,1.4889e+06,1.3601e+06,1.3261e+06,1.3972e+06,1.3874e+06,1.3155e+06,1.3918e+06,1.3208e+06,1.3864e+06,1.4068e+06,1.4118e+06,1.4601e+06,1.4458e+06,1.4527e+06,1.436e+06,1.4707e+06,1.4951e+06,1.3968e+06
1.0815e+06,1.2014e+06,1.2425e+06,1.3215e+06,1.4325e+06,1.857e+06,2.2674e+06,2.5381e+06,2.6126e+06,2.9825e+06,3.5972e+06,3.6703e+06,4.1192e+06,4.2814e+06,4.5384e+06,5.2438e+06,5.5654e+06,5.9753e+06,6.2662e+06,6.964e+06,6.8099e+06,7.4461e+06,7.297e+06,7.8609e+06,7.4351e+06,7.5245e+06,7.2911e+06,7.6497e+06,5.8986e+06,7.084e+06,7.2625e+06,6.915e+06,6.8877e+06,6.8024e+06,6.6287e+06,6.5128e+06,6.6765e+06,6.6299e+06,6.5801e+06,6.2726e+06
